Week_Start_Date,ROK_ILI,ROK_Temp_Avg,ROK_SH_Avg,ROK_Search_Naver,US_Hosp_Rate,US_Temp_Avg,US_Search_Avg,JP_ILI_Sentinel,JP_Temp_Avg,JP_Search_Avg,ROK_ILI_ZScore,US_Hosp_Rate_ZScore,JP_ILI_Sentinel_ZScore
1/5/2020,4.530519491,1.6,2.361,,3.123405457,8.894563653,,13.16798177,4.891341949,,-1.379401985,0.452961607,1.328105378
1/12/2020,24.77252306,,,,1.534538568,21.96622261,,10.45439535,0.181392911,,0.024930532,-0.639578397,0.696522583
1/19/2020,2.640276891,,,,3.850564524,15.92020323,,14.40649563,14.55821761,,-1.51054163,0.95297226,1.61636745
1/26/2020,20.51287928,,,,3.789170652,0.682153398,,14.29722946,15.20544355,,-0.270591413,0.910756476,1.590935927
2/2/2020,9.195852292,2.5,2.608,,3.082937431,7.889230028,,5.126308289,17.66930335,,-1.055734492,0.425134898,-0.543580952
2/9/2020,16.87396198,,,,3.784889217,7.539885466,,10.71620285,18.81543316,,-0.523049124,0.907812467,0.75745785
2/16/2020,21.97378394,,,,4.073262615,1.845090898,,2.292108165,4.390193239,,-0.169238012,1.106104391,-1.203236388
2/23/2020,40.90239031,,,,4.208495871,4.508049605,,2.283846022,0.485959409,,1.143974751,1.199093768,-1.205159388
3/1/2020,46.25298955,7.7,2.972,,4.217394851,7.059149126,,13.36704212,18.62605551,,1.515184077,1.205212903,1.374436348
3/8/2020,27.02590052,,,,3.419697631,10.81275912,,5.190738095,14.35299895,,0.181263438,0.656698658,-0.52858502
3/15/2020,40.26474637,,,,1.037918493,23.73216707,,14.29633822,3.454780396,,1.099736832,-0.981065341,1.590728492
3/22/2020,2.714437683,,,,1.647703494,1.388460559,,12.03746188,14.84727996,,-1.505396565,-0.561763692,1.064978724
3/29/2020,17.73412364,,,,4.541715437,13.05701566,,1.407921109,13.03207633,,-0.46337356,1.428222909,-1.409029477
4/5/2020,14.90841774,11.1,4.063,,1.452676056,20.81215062,,5.305351181,18.48669912,,-0.659412982,-0.695868871,-0.501909012
4/12/2020,40.7373674,,,,2.317259493,9.714313967,,12.16613596,7.00616943,,1.132525932,-0.101362182,1.094927406
4/19/2020,34.93149576,,,,0.77559736,11.18605878,,1.700196258,19.60575392,,0.729731105,-1.161443152,-1.341002915
4/26/2020,31.24520339,,,,3.251761382,13.29966322,,10.82470504,10.50651968,,0.473986646,0.541221979,0.782711557
5/3/2020,12.18884031,18,8.527,,3.204666021,6.694142128,,12.21231112,19.76705466,,-0.848089513,0.508838168,1.105674599
5/10/2020,19.50103523,,,,0.908068017,16.38785206,,14.66259933,8.187567305,,-0.34079027,-1.0703534,1.675975166
5/17/2020,32.10794558,,,,2.293566873,16.29995856,,0.368628536,16.3792498,,0.53384124,-0.117653752,-1.650923121
5/24/2020,42.15071626,,,,1.313687801,5.372421807,,10.43839944,15.92354539,,1.230580048,-0.791440267,0.69279956
5/31/2020,27.40868375,,,,2.24303341,13.62950741,,13.89929611,8.387210538,,0.207819847,-0.152401678,1.498317592
6/7/2020,17.20567606,23.9,12.472,,4.316909412,0.256096613,,3.828955192,11.80766006,,-0.500035747,1.273641316,-0.84553776
6/14/2020,4.421848622,,,,2.854744662,7.486510252,,0.385719483,11.77241793,,-1.386941261,0.268224504,-1.646945231
6/21/2020,28.2010087,,,,3.012825726,9.974801942,,14.86182434,16.05704366,,0.262789095,0.376924539,1.722344462
6/28/2020,48.57583334,,,,1.069714277,24.48451519,,1.686522267,17.24430947,,1.676336359,-0.959201857,-1.344185514
7/5/2020,44.4669933,24.1,14.31,,0.007264314,12.05247278,,12.41476611,0.628129062,,1.391276748,-1.689765943,1.152795667
7/12/2020,23.65104766,,,,0.920441305,21.77512173,,11.49042542,0.489221298,,-0.052874235,-1.061845253,0.937656886
7/19/2020,2.596888886,,,,2.75926937,13.50520514,,7.972640562,8.355617597,,-1.513551766,0.202573583,0.118898222
7/26/2020,26.41820737,,,,1.207996328,5.419445002,,8.711206083,6.544593792,,0.139103419,-0.864116061,0.290798137
8/2/2020,34.00692653,26.5,18.267,,0.976513793,9.418677494,,6.797506154,1.989256927,,0.665587127,-1.02328857,-0.154612386
8/9/2020,11.58624571,,,,1.731007395,13.12893767,,7.345286341,7.743661635,,-0.88989581,-0.504482088,-0.027117445
8/16/2020,22.99219347,,,,2.303766098,7.894622628,,12.56467296,5.506432222,,-0.098583661,-0.110640539,1.18768624
8/23/2020,35.77678691,,,,0.75965878,14.82897957,,7.081255181,13.51726708,,0.788374995,-1.172402872,-0.088570265
8/30/2020,27.8506276,,,,3.082034056,0.914734225,,9.791168687,14.86961469,,0.238480652,0.424513717,0.542157664
9/6/2020,13.74903718,21.4,11.179,,0.419785897,22.08132019,,7.110932331,17.77518732,,-0.739847501,-1.406106982,-0.081662957
9/13/2020,8.767633907,,,,4.472845781,15.25383542,,4.025529123,7.131331387,,-1.085443063,1.380866611,-0.799785499
9/20/2020,25.89085683,,,,1.819075549,12.77737347,,11.56259403,18.09007589,,0.102517342,-0.443924477,0.95445401
9/27/2020,18.735344,,,,4.668605569,7.994434954,,2.581014848,11.86296987,,-0.393911745,1.51547537,-1.135993831
10/4/2020,6.789302484,14.3,6.122,,0.968690661,20.84096875,,11.50616347,6.118817281,,-1.222694059,-1.028667929,0.941319891
10/11/2020,0.686330993,,,,3.306216155,3.364005435,,8.089696486,13.377183,,-1.646100827,0.578666285,0.146142797
10/18/2020,23.84718662,,,,0.805127176,15.98820236,,12.24337229,8.587750427,,-0.039266673,-1.141137798,1.112904035
10/25/2020,25.10919424,,,,0.059226898,13.51204834,,4.389123993,9.057959867,,0.048287819,-1.654035321,-0.715159389
11/1/2020,2.935458694,8,4.223,,4.638845734,22.33693342,,12.67338288,13.12452943,,-1.490062758,1.49501185,1.212988295
11/8/2020,2.814056607,,,,3.019434431,23.44551977,,10.69236108,12.56534255,,-1.498485288,0.381468831,0.751908717
11/15/2020,47.38373756,,,,0.070157228,24.72732132,,4.358760537,10.88162239,,1.593632151,-1.646519385,-0.722226434
11/22/2020,8.629954384,,,,0.5897055,12.85520141,,4.161967526,10.92551916,,-1.094994876,-1.289266506,-0.768029685
11/29/2020,11.44564109,,,,0.390841763,17.50493285,,3.49786914,17.81243858,,-0.899650557,-1.426009608,-0.922597496
12/6/2020,29.32895982,-0.3,2.126,,3.75120766,20.53452104,,13.24101361,5.551165966,,0.341043129,0.884652283,1.345103419
12/13/2020,15.40373001,,,,2.116480988,21.54035591,,13.34081827,11.84148815,,-0.625049628,-0.239421922,1.368332789
12/20/2020,1.311218307,,,,1.349706951,19.25190759,,10.95329651,13.67703412,,-1.602747926,-0.766672704,0.812641012
12/27/2020,25.54911015,,,,1.026369735,23.16756614,,7.583869152,2.166837123,,0.078807931,-0.989006522,0.028412313
1/3/2021,38.44306286,-2.4,1.785,,2.887146064,21.61786638,,5.417787019,5.914882368,,0.973353622,0.290504425,-0.475739755
1/10/2021,41.19702012,,,,3.812073092,12.40796566,,0.970539101,4.765445234,,1.164415328,0.9265047,-1.510829423
1/17/2021,11.27632886,,,,2.244579243,15.8341009,,3.342914511,1.281627748,,-0.911396957,-0.151338729,-0.958662932
1/24/2021,35.11977979,,,,0.405641931,16.94509912,,8.861397919,16.07321914,,0.742793714,-1.415832685,0.325755041
1/31/2021,47.29427957,,,,0.237381066,13.72680963,,8.424681237,0.995209289,,1.587425811,-1.531532576,0.224109949
2/7/2021,1.947894643,2.7,2.554,,1.327490162,17.16480324,,1.26467332,15.54265765,,-1.558577137,-0.781949459,-1.442370165
2/14/2021,6.345527923,,,,0.009016012,9.801098553,,9.657378721,11.99332263,,-1.253481873,-1.688561437,0.511018269
2/21/2021,19.24471923,,,,1.246589541,12.59239757,,6.666687039,13.50775861,,-0.358572743,-0.837578515,-0.185060321
2/28/2021,48.61737513,,,,4.905568559,0.703837772,,12.66284024,6.678698242,,1.67921841,1.678416361,1.210534515
3/7/2021,26.38145358,9,4.449,,2.394986742,0.776867288,,7.029793539,15.03139218,,0.136553546,-0.047915207,-0.100547878
3/14/2021,32.54262555,,,,4.307156679,2.921241493,,9.499536252,9.81513214,,0.563998098,1.266935121,0.474280693
3/21/2021,1.79201686,,,,0.224088941,3.756300504,,1.773944296,19.72537412,,-1.569391493,-1.540672536,-1.32383818
3/28/2021,20.73988565,,,,0.563700446,3.904164066,,7.330319556,1.251974891,,-0.254842358,-1.307148155,-0.03060094
4/4/2021,31.07702872,14.2,5.382,,2.076886437,22.75473496,,3.599169805,1.830417906,,0.462319166,-0.266648011,-0.899019932
4/11/2021,44.22149951,,,,4.153531608,13.08569639,,6.097275834,17.85789672,,1.374245088,1.161299125,-0.317589846
4/18/2021,32.02794721,,,,0.908057,9.59479696,,2.604754928,11.04503943,,0.528291181,-1.070360975,-1.130468366
4/25/2021,26.38597952,,,,3.601986174,14.61083673,,10.1654082,9.998612242,,0.136867543,0.78204429,0.629261298
5/2/2021,11.69579833,17.1,8.175,,3.270995607,5.846697312,,5.532376889,3.180637639,,-0.882295361,0.554447858,-0.44906915
5/9/2021,24.3229853,,,,1.463073936,9.057636199,,3.890333528,3.614093026,,-0.006257117,-0.688719058,-0.831252053
5/16/2021,35.72918383,,,,3.917259355,24.21877766,,0.166648894,2.198328544,,0.785072429,0.9988331,-1.697933551
5/23/2021,30.73915111,,,,3.08826258,10.83301673,,4.755870742,18.36507583,,0.438878181,0.428796588,-0.629799684
5/30/2021,39.2793783,,,,3.689140903,2.043871229,,2.083063542,8.237723011,,1.031374804,0.841973808,-1.251891181
6/6/2021,16.14221747,22.8,12.529,,4.386156647,15.2193666,,6.447592943,14.78354679,,-0.573815473,1.321257246,-0.236054113
6/13/2021,5.85549992,,,,0.888534265,24.20316003,,11.03465917,5.360044268,,-1.287478619,-1.08378524,0.831578038
6/20/2021,46.11864813,,,,1.181494856,21.01575502,,12.91904505,14.73910953,,1.505863852,-0.882339059,1.270165763
6/27/2021,0.474578682,,,,2.687522511,0.018293033,,1.803605194,11.01363981,,-1.660791599,0.153238856,-1.316934654
7/4/2021,39.02250139,28.1,16.744,,2.982266595,13.1970901,,3.297510754,4.151486739,,1.013553415,0.355911405,-0.969230582
7/11/2021,1.068238341,,,,0.747573069,21.70305868,,7.270370423,6.56683835,,-1.619605184,-1.180713275,-0.044554002
7/18/2021,6.336651418,,,,2.389499628,18.6092795,,2.006833122,9.676053509,,-1.2540977,-0.051688268,-1.269633687
7/25/2021,28.83230162,,,,2.695739846,1.638195414,,0.006887069,19.56860826,,0.306586398,0.158889277,-1.735117854
8/1/2021,29.04551306,25.9,15.321,,0.689042661,5.164230147,,9.485274187,0.440569898,,0.3213784,-1.220960078,0.47096122
8/8/2021,17.34030492,,,,2.095006163,7.123632799,,9.213954316,1.311650084,,-0.49069558,-0.254188486,0.407811965
8/15/2021,12.87336901,,,,4.683489841,14.52424767,,5.793128261,8.330589552,,-0.800598863,1.525710124,-0.388379696
8/22/2021,22.54698248,,,,3.205807268,21.35812396,,10.33974138,14.93869637,,-0.129471131,0.509622914,0.66983706
8/29/2021,5.707528758,,,,4.852855399,15.19983857,,1.421218955,14.9728088,,-1.297744437,1.642169627,-1.405934425
9/5/2021,1.053961831,22.6,12.035,,3.879986785,14.08821075,,2.962843503,18.71912197,,-1.620595648,0.973203657,-1.047123837
9/12/2021,26.73181659,,,,3.050632283,17.85816762,,3.40387337,0.890878524,,0.160860733,0.402921163,-0.944474858
9/19/2021,14.19724032,,,,0.275878694,19.03481126,,10.51403817,15.66117692,,-0.708752445,-1.505060756,0.710404351
9/26/2021,15.80046613,,,,2.170676127,13.94072261,,4.258519481,11.40936389,,-0.597525207,-0.202156146,-0.745557375
10/3/2021,0.34932983,15.6,7.646,,4.406894912,9.841003617,,13.68637413,15.42680979,,-1.669481008,1.335517336,1.44876035
10/10/2021,37.29638048,,,,3.329089172,23.14805415,,12.43876271,18.70196708,,0.893800066,0.594394278,1.158380836
10/17/2021,42.24562968,,,,3.230325553,13.77237611,,10.5225879,5.94450106,,1.23716487,0.52648223,0.712394289
10/24/2021,9.293502634,,,,1.293846122,22.97540645,,8.056973916,17.92156028,,-1.04895979,-0.805083845,0.138526672
10/31/2021,36.97877206,,,,3.151144612,23.65336645,,12.72173063,15.64296016,,0.8717653,0.472035663,1.224241155
11/7/2021,26.77933927,8.2,4.55,,3.928126877,21.61260255,,2.597254645,10.04754303,,0.164157721,1.006305849,-1.132214044
11/14/2021,12.33176122,,,,1.17759149,14.41912674,,12.26033827,3.463665861,,-0.838174068,-0.8850231,1.116852839
11/21/2021,48.39830871,,,,1.608940232,7.667651419,,6.65236723,8.646311646,,1.664020206,-0.588418168,-0.188393233
11/28/2021,36.95152955,,,,1.592161503,14.29219353,,7.694797707,2.236189626,,0.869875292,-0.599955593,0.054230753
12/5/2021,20.33059345,0.6,2.433,,2.067127549,21.26178649,,12.96283533,11.68484165,,-0.283237885,-0.273358438,1.280357879
12/12/2021,6.262051582,,,,4.732276786,0.366134534,,1.95693659,6.357223379,,-1.259273224,1.559257107,-1.281247023
12/19/2021,47.94081416,,,,4.181293263,24.91807799,,5.431483246,16.20455332,,1.632280538,1.180388653,-0.47255198
12/26/2021,38.45964574,,,,3.4166361,23.03388854,,3.14030219,12.43070963,,0.974504095,0.654593481,-1.005820618
1/2/2022,28.38848304,-2.2,1.721,,0.828633076,3.470900475,,2.828613996,14.17491359,,0.27579553,-1.124974622,-1.078365535
1/9/2022,22.97807323,,,,1.186195763,0.999182694,,6.247299898,3.980471183,,-0.099563283,-0.879106612,-0.282671991
1/16/2022,16.15336081,,,,2.392049027,12.36755983,,10.30086504,18.73459521,,-0.57304238,-0.049935245,0.660788655
1/23/2022,42.21228461,,,,0.254162772,16.73525045,,4.796717881,3.53875111,,1.234851485,-1.519993105,-0.62029258
1/30/2022,43.08783666,,,,4.318325026,9.010888189,,8.291609657,12.50369613,,1.29559479,1.274614724,0.193137756
2/6/2022,25.05870219,-1.1,1.886,,2.354440254,6.837408293,,13.90169487,12.11248207,,0.044784824,-0.075795869,1.4988759
2/13/2022,12.10515194,,,,4.530755287,22.01749715,,9.87742557,9.303550477,,-0.853895574,1.420686468,0.562233812
2/20/2022,31.02961447,,,,2.189912855,7.638616279,,7.74673563,14.2006963,,0.459029701,-0.188928546,0.066319219
2/27/2022,40.56189901,,,,1.502166232,16.98886178,,6.138028297,12.57926724,,1.120352435,-0.661838331,-0.308104777
3/6/2022,37.14418952,7.7,4.008,,4.178744062,24.15103438,,6.930323338,14.60176498,,0.883241491,1.178635766,-0.123699404
3/13/2022,6.385397255,,,,2.953155662,23.85526077,,2.639886533,14.59781572,,-1.250715853,0.335894084,-1.122291542
3/20/2022,40.05843276,,,,4.222774215,12.57738842,,10.3614298,11.53055415,,1.085423382,1.208911873,0.674885005
3/27/2022,35.31950605,,,,3.708529217,6.148079914,,12.9142801,5.111368143,,0.756650152,0.855305642,1.269056729
4/3/2022,47.13160295,14.8,5.699,,4.452676837,2.845521328,,2.257723951,18.69625668,,1.57613977,1.366997999,-1.211239257
4/10/2022,3.557291732,,,,1.891182864,24.76731887,,3.417098447,12.21122123,,-1.446921754,-0.394341893,-0.941396743
4/17/2022,46.34314934,,,,3.75726346,24.5309619,,12.61048261,16.56765827,,1.521439106,0.888816385,1.198348362
4/24/2022,14.80157392,,,,4.323630218,20.86337661,,13.0780646,17.31638078,,-0.666825502,1.278262691,1.307177303
5/1/2022,23.75735305,19.1,7.495,,0.102874603,0.959018583,,7.441583716,5.566888501,,-0.04549907,-1.624022195,-0.004704389
5/8/2022,23.2526192,,,,0.583833043,8.294136426,,0.713904094,1.309284467,,-0.080516066,-1.293304537,-1.5705608
5/15/2022,1.5497586,,,,1.548600132,21.52696876,,11.67184909,4.444141246,,-1.586198681,-0.629909355,0.979882948
5/22/2022,11.09712419,,,,2.607409096,10.88201675,,8.252765607,10.52211507,,-0.923829667,0.0981511,0.184096867
5/29/2022,18.93891842,,,,4.106388988,18.61524626,,13.49731743,10.34987207,,-0.379788332,1.128882817,1.404757713
6/5/2022,14.19745143,23.3,12.917,,4.140823159,22.23279086,,12.95520509,14.94786308,,-0.708737798,1.152560515,1.278581953
6/12/2022,46.86204998,,,,1.542083085,17.2598104,,2.320253561,3.04842998,,1.557438954,-0.634390621,-1.196685593
6/19/2022,27.16443211,,,,3.251758813,20.28807834,,14.96737772,1.798458567,,0.190874364,0.541220213,1.746911836
6/26/2022,27.19684442,,,,1.585244254,8.150496529,,8.382764969,15.12442081,,0.193123038,-0.604712046,0.214354006
7/3/2022,48.0056208,27.3,17.335,,4.98398636,13.67049178,,8.359899142,15.6140701,,1.636776638,1.732338175,0.209032022
7/10/2022,42.46822696,,,,1.168598378,11.5275599,,5.962380121,15.80935387,,1.252608036,-0.891206963,-0.348986603
7/17/2022,14.22339004,,,,0.371371764,1.186145141,,10.97228552,9.408283908,,-0.706938252,-1.43939761,0.817060673
7/24/2022,18.99827465,,,,4.966396358,24.60066156,,11.30717398,5.283028977,,-0.375670366,1.720242901,0.895005413
7/31/2022,22.65161432,,,,4.818637527,18.35182894,,0.226801174,15.80317384,,-0.122212071,1.618640662,-1.683933207
8/7/2022,19.79652236,25.7,16.378,,4.107594063,16.03844245,,1.320612609,15.63455228,,-0.320290215,1.129711454,-1.429350387
8/14/2022,21.14506395,,,,0.719655573,21.86718755,,14.57009961,6.66281507,,-0.226732243,-1.199909962,1.654446008
8/21/2022,9.800582544,,,,1.452763958,1.080231445,,8.464904955,19.75081882,,-1.013780031,-0.695808427,0.233471953
8/28/2022,26.51054455,,,,3.832353569,15.24367589,,9.841409292,17.11530508,,0.145509509,0.940450005,0.553851083
9/4/2022,43.22653943,22.4,11.382,,1.369318326,1.30396978,,7.884891861,4.478101416,,1.305217593,-0.753187489,0.098474856
9/11/2022,6.316812648,,,,0.210719015,1.998919503,,5.272820321,8.585511981,,-1.255474057,-1.549865992,-0.509480516
9/18/2022,43.564127,,,,3.925951648,20.56438378,,2.473068756,11.86404026,,1.328638457,1.004810113,-1.161118107
9/25/2022,5.055211759,,,,4.137370987,16.34956939,,0.381044045,13.39107634,,-1.343000331,1.150186725,-1.648033431
10/2/2022,13.4753174,14.6,7.064,,3.221035645,13.35144703,,1.302207525,12.94216105,,-0.758837399,0.520094283,-1.43363414
10/9/2022,12.80069886,,,,2.106230838,15.7514197,,12.55179604,15.79273824,,-0.805640511,-0.246470151,1.184689158
10/16/2022,3.630810998,,,,1.223123918,18.95398516,,14.51671905,18.10428304,,-1.441821196,-0.853713996,1.642021769
10/23/2022,34.28875376,,,,0.345569435,0.703644897,,12.80067375,10.90069412,,0.685139496,-1.457139862,1.242615038
10/30/2022,42.8103371,,,,3.067521373,14.14867704,,9.573514016,9.80349927,,1.276342662,0.414534475,0.491498896
11/6/2022,0.84890229,10,4.911,,2.21546579,9.331468594,,2.365351281,4.385865777,,-1.634822094,-0.171357784,-1.186189173
11/13/2022,33.07749058,,,,2.766804366,0.515652327,,10.32849695,13.51013513,,0.601105509,0.207754812,0.667219938
11/20/2022,8.638922136,,,,2.400809105,13.50648483,,4.592426868,4.733955227,,-1.094372719,-0.043911622,-0.667840978
11/27/2022,32.43216008,,,,0.83438845,24.32127372,,0.056731282,18.60668839,,0.556334319,-1.121017099,-1.723516695
12/4/2022,29.08705685,-2.8,1.755,,4.566158204,10.31462443,,12.63869736,1.326971912,,0.32426059,1.445030297,1.204915298
12/11/2022,12.26122213,,,,3.909232886,20.05015027,,10.14744115,16.61797341,,-0.843067869,0.993313923,0.625079496
12/18/2022,20.66135385,,,,1.931845388,20.98543268,,11.0889118,10.19608889,,-0.260290671,-0.366381443,0.844205248
12/25/2022,37.72975008,,,,0.665176154,9.014923693,,10.21201071,8.644636809,,0.923866014,-1.237371215,0.640107955
1/1/2023,3.327244728,-1.5,2.09,,0.536829547,12.83643,,4.392272662,15.12992383,,-1.462881759,-1.32562518,-0.714426541
1/8/2023,29.58617969,,,,0.891080724,5.059003928,,3.536760058,7.355758904,,0.35888831,-1.082034238,-0.913545699
1/15/2023,20.58307213,,,,3.15855552,17.57871101,,3.968801972,6.735793156,,-0.265721633,0.477131568,-0.812988651
1/22/2023,4.509048311,,,,2.247894764,0.053034791,,5.506038161,9.256181042,,-1.380891595,-0.149058903,-0.455199446
1/29/2023,6.267875208,,,,0.325531742,23.22077504,,4.861438637,5.827527372,,-1.258869197,-1.470918223,-0.605228929
2/5/2023,36.68789699,2.3,2.616,,0.861121772,0.130370202,,1.562122518,6.528041156,,0.851585216,-1.102634676,-1.373139351
2/12/2023,22.73486055,,,,1.837726704,11.05449275,,10.55783772,6.242177999,,-0.116436686,-0.431099531,0.720598626
2/19/2023,34.01341037,,,,0.614989121,6.536502392,,10.01129353,11.17325904,,0.666036957,-1.271880929,0.59339136
2/26/2023,43.33237106,,,,0.396893527,8.182638203,,4.842842158,12.39877838,,1.31255989,-1.421848281,-0.60955723
3/5/2023,2.534743599,9.8,3.8,,4.47890365,22.84547688,,10.97154333,5.324715355,,-1.517863229,1.385032136,0.816887929
3/12/2023,43.70364194,,,,3.785871998,22.68216965,,8.729923422,2.191349996,,1.338317606,0.908488248,0.295154567
3/19/2023,44.94347108,,,,1.934108313,12.73962798,,3.551267976,10.92395544,,1.424333418,-0.364825405,-0.910169005
3/26/2023,43.87941378,,,,3.082112589,18.17807431,,5.748057339,9.585570943,,1.350512155,0.424567718,-0.398869879
4/2/2023,14.96127534,13.8,5.828,,3.120356656,24.98730071,,2.498335411,7.847028593,,-0.655745872,0.450865184,-1.155237334
4/9/2023,20.00694222,,,,2.392900227,1.455782426,,6.886963185,9.179691663,,-0.305691884,-0.049349941,-0.133791409
4/16/2023,15.51952441,,,,3.852696393,16.26928173,,10.39460568,12.72506981,,-0.617016143,0.95443818,0.682606635
4/23/2023,1.685594184,,,,2.713141831,5.803722814,,8.028660592,10.97792496,,-1.576774795,0.170855267,0.131936792
4/30/2023,40.34988371,,,,2.449118277,16.53477681,,8.827414795,8.56699617,,1.105643418,-0.010693167,0.317845524
5/7/2023,46.6642189,19.5,8.808,,3.279101813,20.48859671,,4.310677937,2.875624759,,1.543713998,0.560021864,-0.73341758
5/14/2023,40.82658604,,,,4.917725625,3.588275698,,13.21421733,10.092648,,1.138715667,1.686775828,1.338866629
5/21/2023,45.23033904,,,,2.85699826,7.964408066,,10.72634174,5.35071875,,1.444235499,0.269774128,0.759817661
5/28/2023,7.205215316,,,,0.940663092,4.581465425,,8.035538513,15.18245031,,-1.193839212,-1.047940306,0.133537617
6/4/2023,21.76945887,23.4,12.996,,4.776730973,1.773955307,,1.699622686,5.384378021,,-0.183413502,1.589824789,-1.341136413
6/11/2023,40.79636031,,,,1.293256099,12.5861488,,2.061227655,16.13812842,,1.136618692,-0.805489558,-1.256973448
6/18/2023,46.55473725,,,,2.327437286,0.83184098,,1.077331404,18.67815906,,1.536118473,-0.094363707,-1.485973689
6/25/2023,16.35214265,,,,1.38012223,23.38935479,,7.490058034,8.069627561,,-0.559251462,-0.745758486,0.006577929
7/2/2023,43.27716421,26.7,17.607,,2.201921894,9.411617881,,4.861717519,3.024039025,,1.308729796,-0.180670866,-0.60516402
7/9/2023,26.88213926,,,,1.524261539,17.13027798,,4.928546336,15.49660572,,0.171289691,-0.64664511,-0.589609723
7/16/2023,49.06552887,,,,1.53831382,17.13179741,,12.52732651,1.984821361,,1.710310039,-0.63698245,1.178993914
7/23/2023,11.17078779,,,,2.487055716,2.399714664,,1.787904068,16.8036018,,-0.918719096,0.015393455,-1.320589066
7/30/2023,10.54523509,,,,1.417473403,13.17199169,,7.033165951,17.59692176,,-0.962118159,-0.720074993,-0.099762955
8/6/2023,48.7143479,27.2,17.007,,4.377121091,24.09228287,,8.086424054,13.784578,,1.685946104,1.315044198,0.145381143
8/13/2023,35.04270288,,,,0.684308978,16.57787208,,4.995453075,3.653644831,,0.737446338,-1.224215062,-0.574037289
8/20/2023,47.93219042,,,,3.669916924,6.951855651,,4.361418071,6.660002474,,1.631682248,0.828754976,-0.721607897
8/27/2023,21.72149152,,,,0.621743148,21.14604101,,4.434283661,10.94971839,,-0.186741341,-1.267236711,-0.70464855
9/3/2023,46.09829362,23.7,13.418,,3.008663568,1.641902195,,5.481065462,5.96665712,,1.504451714,0.374062547,-0.461011801
9/10/2023,22.91856537,,,,1.375322108,7.054178785,,13.9904666,11.85209141,,-0.103691769,-0.749059156,1.519537375
9/17/2023,20.19398648,,,,3.00205051,11.55457403,,3.941065876,4.211833698,,-0.292715287,0.369515262,-0.819444182
9/24/2023,14.16630483,,,,4.379353367,18.51416684,,12.30555929,16.98983475,,-0.710898661,1.31657916,1.127377957
10/1/2023,22.79368654,15.8,7.411,,1.229388659,24.91020101,,13.49147844,0.830355764,,-0.112355506,-0.849406221,1.403398696
10/8/2023,12.28178942,,,,0.195279086,3.441694271,,13.90303554,15.73929025,,-0.841640969,-1.560482829,1.499187938
10/15/2023,45.8849591,,,,0.534840391,24.37372603,,5.849123021,18.3683378,,1.489651173,-1.326992968,-0.375347007
10/22/2023,49.7183588,,,,0.312681081,12.25854875,,0.978277901,16.21031538,,1.75560152,-1.479754621,-1.50902823
10/29/2023,40.65559095,,,,1.703321518,14.91391574,,13.87082699,19.36192355,,1.126852515,-0.523519509,1.491691451
11/5/2023,17.99397014,6.8,3.951,,1.37215819,19.86180559,,9.598866277,11.72587842,,-0.44534615,-0.751234735,0.497399593
11/12/2023,7.721093055,,,,2.578350003,17.27265738,,3.35463208,13.34007052,,-1.158049085,0.078169425,-0.955935687
11/19/2023,18.86553045,,,,3.42627054,9.627016619,,10.55131129,4.478458853,,-0.38487978,0.661218335,0.71907961
11/26/2023,25.55273178,,,,1.285040355,19.69250513,,1.188263127,12.59193213,,0.079059189,-0.811138885,-1.460154512
12/3/2023,1.770212758,1.1,2.808,,1.444062875,9.637045342,,4.363926989,7.248971401,,-1.5709042,-0.701791484,-0.721023951
12/10/2023,14.77184159,,,,4.716529495,14.50728723,,12.53410476,18.26049155,,-0.668888246,1.548428921,1.180571541
12/17/2023,21.31146408,,,,2.872466529,24.10476304,,0.154156364,12.62501424,,-0.215187876,0.280410452,-1.700841167
12/24/2023,22.32503182,,,,4.482398673,2.259659627,,7.82110883,19.29377658,,-0.144869435,1.387435391,0.08362946
12/31/2023,10.5294533,,,,0.91123371,19.3257091,,9.099734062,10.69719375,,-0.963213055,-1.068176599,0.381227388
1/7/2024,27.63974044,-0.5,2.416,,4.474358473,1.437767323,,11.27883404,3.736449678,,0.223849902,1.381906772,0.888409339
1/14/2024,21.22605316,,,,2.742754755,1.655238942,,14.69398131,9.778700754,,-0.221113442,0.191217768,1.68327927
1/21/2024,18.65798192,,,,4.844557924,24.67907937,,0.824321763,5.460503994,,-0.399278906,1.6364641,-1.544861269
1/28/2024,12.52262659,,,,1.836431063,7.666543807,,6.083257548,15.84654984,,-0.824932373,-0.431990442,-0.320852579
2/4/2024,19.10094837,3.8,3.601,,1.75703821,6.08026615,,1.933725121,13.94440394,,-0.368547156,-0.486582723,-1.286649454
2/11/2024,21.22307728,,,,1.139753058,22.75516937,,7.597435376,17.75206987,,-0.221319901,-0.911041643,0.03156983
2/18/2024,29.02178848,,,,0.925407936,20.31671478,,5.110023694,17.44357367,,0.319732456,-1.058430088,-0.547371165
2/25/2024,26.65291285,,,,0.819410429,20.97139006,,10.75616542,13.30814462,,0.155386616,-1.131316317,0.766759073
3/3/2024,40.46651732,7,3.512,,3.720710698,11.69646475,,0.180354975,7.621073542,,1.113735125,0.863681898,-1.694743483
3/10/2024,39.63162306,,,,4.93558333,19.35492328,,13.72517358,3.586344416,,1.055812541,1.699055182,1.457790858
3/17/2024,12.77501208,,,,2.434651793,13.58594968,,12.2767521,6.294881314,,-0.807422587,-0.020640641,1.120673132
3/24/2024,41.18197965,,,,1.35192134,19.76781817,,5.819063521,6.317352844,,1.163371863,-0.765150041,-0.382343306
3/31/2024,28.02640169,,,,0.271761712,15.45281008,,4.52893591,11.87958027,,0.250675358,-1.507891684,-0.682618394
4/7/2024,36.80312767,16.3,6.391,,4.954659131,1.10004741,,9.920766027,12.90603148,,0.859579593,1.712172124,0.572321233
4/14/2024,38.55066834,,,,4.998580997,13.1403872,,6.004696342,6.034913231,,0.980818984,1.74237377,-0.339137571
4/21/2024,17.26329374,,,,2.46937815,20.35546555,,4.822299708,5.430908077,,-0.496038397,0.00323797,-0.614338451
4/28/2024,46.14908031,,,,4.904742316,11.44753754,,8.352162163,3.852670629,,1.50797515,1.677848219,0.207231253
5/5/2024,41.48556046,18.5,8.273,,3.414485111,23.58449964,,7.741374968,17.12727383,,1.184433434,0.653114413,0.065071534
5/12/2024,25.39185284,,,,2.622174632,13.68096971,,0.929682808,8.63833024,,0.067897867,0.108304209,-1.520338658
5/19/2024,34.4710591,,,,3.849716073,7.258650551,,8.13908103,10.36925301,,0.697787321,0.952388846,0.157636968
5/26/2024,23.6578791,,,,4.486888506,22.98348406,,10.07951972,8.140553747,,-0.05240029,1.3905227,0.609270894
6/2/2024,4.37716899,24.6,11.663,,2.717582701,0.435387699,,12.31295314,10.3264187,,-1.390041006,0.173908907,1.129098864
6/9/2024,49.91098975,,,,1.652058094,13.43095693,,8.082955629,12.89524437,,1.768965706,-0.558769372,0.144573873
6/16/2024,34.16549069,,,,1.490642052,15.30712241,,7.789776917,14.58292275,,0.676587856,-0.669762612,0.076337008
6/23/2024,27.25772171,,,,2.7338664,1.762600906,,2.096212938,5.796405286,,0.197346531,0.185105939,-1.248830681
6/30/2024,18.85336837,,,,4.443447828,12.46161986,,13.92921333,18.94876799,,-0.385723551,1.360651929,1.505280776
7/7/2024,9.187333767,26.6,17.502,,0.143124094,1.421767956,,10.92341432,5.314174141,,-1.056325483,-1.596345755,0.80568598
7/14/2024,3.767227846,,,,0.343343116,14.03309473,,2.415608317,4.418376313,,-1.432356984,-1.458670728,-1.17449193
7/21/2024,13.94464054,,,,3.073251892,18.5819124,,3.357521574,5.050848692,,-0.726277098,0.418474907,-0.955263162
7/28/2024,12.38994814,,,,2.304679642,24.07040499,,11.19966292,15.16028099,,-0.834137226,-0.110012366,0.86998239
8/4/2024,14.35880658,29.3,18.478,,2.94180949,20.15577346,,9.600914602,9.853492921,,-0.697543438,0.328092205,0.497876338
8/11/2024,12.90071679,,,,1.084876903,19.63864441,,11.99229525,11.01872934,,-0.798701552,-0.948775701,1.054466267
8/18/2024,0.040608317,,,,0.941572843,4.948126663,,8.108636961,16.17470632,,-1.690899226,-1.047314741,0.150551161
8/25/2024,27.74286216,,,,1.556453468,4.741804769,,0.453710271,18.50458237,,0.231004193,-0.624509227,-1.631120486
9/1/2024,7.811751549,25.5,14.55,,3.827908709,7.034761004,,14.07561565,3.851239653,,-1.151759457,0.93739362,1.539355676
9/8/2024,11.58046567,,,,4.62581359,1.43232536,,10.93878062,11.42423668,,-0.890296812,1.486050659,0.809262462
9/15/2024,37.03410066,,,,2.68984118,23.36110821,,4.903488743,8.663702253,,0.87560384,0.154833224,-0.595441836
9/22/2024,37.3933958,,,,4.611985701,18.75178566,,10.65280347,16.30716318,,0.900530713,1.476542297,0.742701748
9/29/2024,49.27192974,,,,4.554680841,17.68376151,,11.72073429,13.36070182,,1.724629543,1.437138208,0.991260898
10/6/2024,1.478449737,16.7,8.204,,1.809389494,19.83641622,,14.65224203,0.33490371,,-1.591145886,-0.450584823,1.673564521
10/13/2024,39.90806605,,,,4.838858664,15.67130362,,3.955783742,14.81999111,,1.074991368,1.632545162,-0.816018623
10/20/2024,15.17028343,,,,2.952836392,11.23750901,,12.30665624,15.45702758,,-0.641245487,0.335674547,1.127633271
10/27/2024,36.10244993,,,,2.048304995,9.211847379,,14.70037517,7.448611681,,0.810968567,-0.286301242,1.684767431
11/3/2024,16.69256486,9.7,4.665,,1.330629047,21.12070029,,9.04820847,9.164757215,,-0.53563394,-0.779791092,0.369234891
11/10/2024,45.76730134,,,,1.506117791,14.50443283,,4.601902473,5.190927729,,1.481488414,-0.659121152,-0.665635546
11/17/2024,41.11301099,,,,0.312653941,21.01942312,,11.26995988,18.92252216,,1.158587014,-1.479773283,0.886343892
11/24/2024,5.01342139,,,,3.215028816,7.257360667,,10.87085691,16.18964889,,-1.345899628,0.515963854,0.79345333
12/1/2024,27.58569443,0.8,2.229,,0.365332316,9.951607159,,3.422292806,6.017196204,,0.220100344,-1.443550468,-0.940187764
12/8/2024,27.34109079,,,,2.056956334,8.296229105,,13.18437801,15.65177184,,0.20313044,-0.28035239,1.331921576
12/15/2024,8.100580016,,,,2.089598802,21.60726435,,8.465663041,5.286475163,,-1.131721361,-0.257906707,0.233648396
12/22/2024,43.88938838,,,,0.278509016,7.483168939,,5.831397327,7.969861665,,1.351204164,-1.503252089,-0.379472633
12/29/2024,12.52026015,,,,4.302186031,12.30199326,,13.54898662,11.008834,,-0.82509655,1.263517193,1.416783631
1/5/2025,12.77319778,-0.4,2.217,,1.235878374,4.356853634,,10.45828458,11.17790095,,-0.807548457,-0.84494375,0.697427795
1/12/2025,46.35791849,,,,1.4008299,9.35045287,,0.310102793,8.172650483,,1.522463748,-0.731519433,-1.664544892
1/19/2025,20.26547864,,,,1.948634067,16.72102375,,5.087992275,3.796291196,,-0.287755364,-0.354837176,-0.552498941
1/26/2025,40.00057021,,,,3.449032699,24.45157851,,9.499845587,19.7255486,,1.081409043,0.676870099,0.47435269
2/2/2025,48.64781031,-1.2,1.905,,3.859601917,17.11800162,,8.191698934,15.45339056,,1.681329916,0.959186571,0.169883699
2/9/2025,4.51555626,,,,2.958892087,16.48748767,,3.482718919,15.32341279,,-1.380440092,0.339838576,-0.926123685
2/16/2025,29.56695313,,,,0.841959571,11.43015148,,9.93344227,12.34293029,,0.357554426,-1.115811029,0.575271607
2/23/2025,41.05044766,,,,0.566805556,23.84622317,,0.705294224,18.43751625,,1.154246548,-1.305013014,-1.572564733
3/2/2025,39.28906807,8,3.694,,2.855504672,11.65114718,,9.214131762,11.1380339,,1.032047052,0.268747104,0.407853265
3/9/2025,43.13251442,,,,2.395697757,9.317039508,,10.38750159,14.82404722,,1.298694406,-0.047426298,0.680953171
3/16/2025,41.5949203,,,,0.461345326,14.09009839,,14.28946429,2.148613066,,1.192020508,-1.377529799,1.589128597
3/23/2025,33.12523643,,,,4.359801173,12.34467643,,1.033051966,14.94969685,,0.60441798,1.303134639,-1.496279656
3/30/2025,6.055302751,,,,3.77252378,23.79441256,,6.152510883,15.5829557,,-1.273616868,0.899309719,-0.304733979
4/6/2025,31.60007756,13.4,5.773,,3.854366496,8.95137657,,1.08423732,1.865798172,,0.498606804,0.95558658,-1.484366348
4/13/2025,12.9060517,,,,4.669036743,8.57214925,,13.53458204,12.08224045,,-0.798331431,1.515771855,1.41343099
4/20/2025,36.83298776,,,,1.513543807,19.71384769,,2.786732198,1.739515221,,0.8616512,-0.654014859,-1.088113455
4/27/2025,44.05303647,,,,1.41858751,21.87875232,,8.509071928,0.742592519,,1.362557602,-0.719308908,0.243751744
5/4/2025,2.702650411,17.8,8.42,,0.364341285,4.355412833,,13.3173302,18.4284509,,-1.506214333,-1.444231923,1.362865979
5/11/2025,28.83938777,,,,3.800183356,23.89183994,,13.91015793,7.777596094,,0.307078015,0.918329055,1.500845664
5/18/2025,39.3893507,,,,3.794876406,4.153113668,,10.19749572,4.714716397,,1.039004375,0.914679878,0.636729616
5/25/2025,13.35630379,,,,4.500637237,12.77743175,,11.89802077,0.909517702,,-0.767094225,1.399976631,1.032524035
6/1/2025,29.55063463,24,12.548,,4.667582683,14.97011088,,8.902826242,4.551155633,,0.356422295,1.514772011,0.335397415
6/8/2025,3.193498346,,,,1.989124275,12.48887215,,1.362190014,15.72956951,,-1.472160702,-0.326995214,-1.419673314
6/15/2025,23.33252959,,,,2.373256315,4.130741025,,9.335740793,6.375071922,,-0.074972111,-0.062857529,0.436157568
6/22/2025,23.21393732,,,,4.930404194,15.62430041,,5.087263749,13.77589108,,-0.083199705,1.695493893,-0.552668505
6/29/2025,43.0228709,,,,2.741028615,17.54643745,,7.404388032,17.49742725,,1.291087651,0.190030836,-0.013361624
7/6/2025,13.70366212,28.8,17.696,,2.344509715,21.65716276,,1.955839241,5.185954083,,-0.742995493,-0.082624327,-1.281502429
7/13/2025,33.6902296,,,,3.792663311,4.080394196,,0.459672901,4.416940711,,0.643615596,0.913158106,-1.629732694
7/20/2025,3.893691484,,,,0.355039641,4.930919987,,2.633784108,5.450793161,,-1.423583298,-1.450627939,-1.123711872
7/27/2025,8.1892703,,,,2.440627366,11.58159954,,3.144861459,17.93306619,,-1.125568282,-0.016531705,-1.004759456
8/3/2025,11.03415504,28.2,18.043,,4.066782932,22.45779096,,12.7037395,1.594832487,,-0.928198287,1.101648818,1.22005375
8/10/2025,7.099730368,,,,1.305426197,16.51672637,,0.169370342,5.272781087,,-1.201157457,-0.797121129,-1.697300139
8/17/2025,24.41830715,,,,4.133025834,8.024679073,,3.44166233,4.596618605,,0.000356042,1.147198902,-0.935679539
8/24/2025,22.5858247,,,,0.954331505,3.054661067,,10.32693089,2.37764397,,-0.126776368,-1.038541602,0.666855439
8/31/2025,36.39976276,,,,4.769329874,1.212481375,,6.980527812,1.47995331,,0.831595284,1.584735629,-0.112014395
9/7/2025,0.254233173,23.5,13.617,,0.580875976,3.655046087,,5.877284464,2.963237528,,-1.676078543,-1.295337882,-0.368792477
9/14/2025,14.8119586,,,,2.141670498,19.42241538,,7.752117085,3.492597786,,-0.666105042,-0.222101058,0.067571744
9/21/2025,42.88117016,,,,0.888829988,17.99521461,,4.599822549,11.7399666,,1.281256858,-1.083581894,-0.666119645
9/28/2025,2.459361169,,,,2.88975369,15.32851523,,12.20881673,17.95758843,,-1.523093047,0.292297486,1.104861286
10/5/2025,22.57433736,16.5,8.798,,0.377674672,13.08132874,,11.16849496,1.155615161,,-0.127573327,-1.435063591,0.862728098
10/12/2025,27.96422192,,,,4.853397368,6.008698574,,5.754636457,11.44191322,,0.246361502,1.642542297,-0.3973386
10/19/2025,14.72522133,,,,4.635916116,2.260859235,,0.463378577,0.820700365,,-0.672122627,1.492997379,-1.628870204
10/26/2025,40.34523157,,,,1.741387106,17.56701756,,4.570700904,5.094395687,,1.105320665,-0.497344769,-0.672897661
11/2/2025,15.80126699,,,,2.063509836,9.49282306,,11.89104467,13.49224727,,-0.597469646,-0.275846057,1.030900359
11/9/2025,31.78414145,,,,0.283654103,17.68920218,,2.653137605,15.24932129,,0.511376632,-1.499714213,-1.119207377
11/16/2025,7.634542612,,,,3.619465082,23.77953069,,0.326132549,8.900307469,,-1.164053708,0.794063173,-1.660813992
