url,http://datalab.naver.com/keyword/trendResult.naver?hashKey=N_6cbe446d5f92970bf65f313182c295cd
Topic,Summary
Scope,Total
Period,Daily : 2020-01-01 ~ 2025-11-15
Gender,"All(Female, Male)"
Age ,All
Date,Health
2020-01-01,3.62231
2020-01-02,5.20288
2020-01-03,4.70649
2020-01-04,4.87787
2020-01-05,5.14657
2020-01-06,6.57647
2020-01-07,5.54769
2020-01-08,4.73246
2020-01-09,4.33353
2020-01-10,4.1205
2020-01-11,3.41223
2020-01-12,3.55841
2020-01-13,4.81629
2020-01-14,4.18915
2020-01-15,3.62526
2020-01-16,3.53668
2020-01-17,3.36055
2020-01-18,2.7392
2020-01-19,2.79075
2020-01-20,4.00967
2020-01-21,3.37739
2020-01-22,3.10021
2020-01-23,2.88242
2020-01-24,2.16798
2020-01-25,2.11064
2020-01-26,2.3436
2020-01-27,2.7068
2020-01-28,3.1533
2020-01-29,2.52912
2020-01-30,2.22494
2020-01-31,2.84989
2020-02-01,2.60009
2020-02-02,1.95662
2020-02-03,2.1001
2020-02-04,1.69409
2020-02-05,1.49803
2020-02-06,1.39814
2020-02-07,1.23216
2020-02-08,0.96706
2020-02-09,0.93003
2020-02-10,1.08328
2020-02-11,0.88876
2020-02-12,0.7773
2020-02-13,0.6765
2020-02-14,0.59731
2020-02-15,0.4861
2020-02-16,0.47903
2020-02-17,0.6513
2020-02-18,0.60978
2020-02-19,0.67689
2020-02-20,0.77897
2020-02-21,0.84377
2020-02-22,0.88593
2020-02-23,0.94122
2020-02-24,1.1941
2020-02-25,1.02633
2020-02-26,0.95137
2020-02-27,0.83387
2020-02-28,0.75801
2020-02-29,0.71122
2020-03-01,0.63626
2020-03-02,0.663
2020-03-03,0.59486
2020-03-04,0.51721
2020-03-05,0.47774
2020-03-06,0.4609
2020-03-07,0.36885
2020-03-08,0.35368
2020-03-09,0.44341
2020-03-10,0.42207
2020-03-11,0.40716
2020-03-12,0.44007
2020-03-13,0.37476
2020-03-14,0.31434
2020-03-15,0.31279
2020-03-16,0.4582
2020-03-17,0.67329
2020-03-18,0.52904
2020-03-19,0.43866
2020-03-20,0.44933
2020-03-21,0.34905
2020-03-22,0.29492
2020-03-23,0.39752
2020-03-24,0.35548
2020-03-25,0.32244
2020-03-26,0.33851
2020-03-27,0.34339
2020-03-28,0.27062
2020-03-29,0.29274
2020-03-30,0.34249
2020-03-31,0.31138
2020-04-01,0.30791
2020-04-02,0.29055
2020-04-03,0.2741
2020-04-04,0.25121
2020-04-05,0.23874
2020-04-06,0.30906
2020-04-07,0.31986
2020-04-08,0.26741
2020-04-09,0.24748
2020-04-10,0.22383
2020-04-11,0.25224
2020-04-12,0.18127
2020-04-13,0.25854
2020-04-14,0.24761
2020-04-15,0.18744
2020-04-16,0.23977
2020-04-17,0.22794
2020-04-18,0.15389
2020-04-19,0.16379
2020-04-20,0.22074
2020-04-21,0.21598
2020-04-22,0.22318
2020-04-23,0.25982
2020-04-24,0.21971
2020-04-25,0.14772
2020-04-26,0.16623
2020-04-27,0.23283
2020-04-28,0.22254
2020-04-29,0.2048
2020-04-30,0.14514
2020-05-01,0.15556
2020-05-02,0.13576
2020-05-03,0.14154
2020-05-04,0.17677
2020-05-05,0.14707
2020-05-06,0.21097
2020-05-07,0.19644
2020-05-08,0.19657
2020-05-09,0.15942
2020-05-10,0.15132
2020-05-11,0.22511
2020-05-12,0.2156
2020-05-13,0.22717
2020-05-14,0.23025
2020-05-15,0.21213
2020-05-16,0.15993
2020-05-17,0.1616
2020-05-18,0.22653
2020-05-19,0.23334
2020-05-20,0.22935
2020-05-21,0.37463
2020-05-22,0.31974
2020-05-23,0.18873
2020-05-24,0.18359
2020-05-25,0.26895
2020-05-26,0.25468
2020-05-27,0.24427
2020-05-28,0.23488
2020-05-29,0.22383
2020-05-30,0.17227
2020-05-31,0.20017
2020-06-01,0.2579
2020-06-02,0.23514
2020-06-03,0.22383
2020-06-04,0.21418
2020-06-05,0.19233
2020-06-06,0.14373
2020-06-07,0.16456
2020-06-08,0.22151
2020-06-09,0.21676
2020-06-10,0.20724
2020-06-11,0.19773
2020-06-12,0.17253
2020-06-13,0.14103
2020-06-14,0.13756
2020-06-15,0.19361
2020-06-16,0.19207
2020-06-17,0.18037
2020-06-18,0.18873
2020-06-19,0.15787
2020-06-20,0.13396
2020-06-21,0.15273
2020-06-22,0.1976
2020-06-23,0.20261
2020-06-24,0.20608
2020-06-25,0.19181
2020-06-26,0.15389
2020-06-27,0.11622
2020-06-28,0.14103
2020-06-29,0.19477
2020-06-30,0.20467
2020-07-01,0.19901
2020-07-02,0.17137
2020-07-03,0.16122
2020-07-04,0.12072
2020-07-05,0.14129
2020-07-06,0.1859
2020-07-07,0.17973
2020-07-08,0.1868
2020-07-09,0.17189
2020-07-10,0.15684
2020-07-11,0.12329
2020-07-12,0.12149
2020-07-13,0.17883
2020-07-14,0.16996
2020-07-15,0.15672
2020-07-16,0.15427
2020-07-17,0.1688
2020-07-18,0.1283
2020-07-19,0.1364
2020-07-20,0.17381
2020-07-21,0.1679
2020-07-22,0.16854
2020-07-23,0.15132
2020-07-24,0.14592
2020-07-25,0.12637
2020-07-26,0.12162
2020-07-27,0.15093
2020-07-28,0.14566
2020-07-29,0.14489
2020-07-30,0.13627
2020-07-31,0.13087
2020-08-01,0.10465
2020-08-02,0.11005
2020-08-03,0.13447
2020-08-04,0.12509
2020-08-05,0.13923
2020-08-06,0.1274
2020-08-07,0.12779
2020-08-08,0.09809
2020-08-09,0.10542
2020-08-10,0.14039
2020-08-11,0.16314
2020-08-12,0.15774
2020-08-13,0.1337
2020-08-14,0.13692
2020-08-15,0.11275
2020-08-16,0.12046
2020-08-17,0.16996
2020-08-18,0.19169
2020-08-19,0.21573
2020-08-20,0.21727
2020-08-21,0.21894
2020-08-22,0.16456
2020-08-23,0.18487
2020-08-24,0.26715
2020-08-25,0.2561
2020-08-26,0.25417
2020-08-27,0.2363
2020-08-28,0.24902
2020-08-29,0.18294
2020-08-30,0.17369
2020-08-31,0.27872
2020-09-01,0.29544
2020-09-02,0.29672
2020-09-03,0.31254
2020-09-04,0.34943
2020-09-05,0.28297
2020-09-06,0.26947
2020-09-07,1.23653
2020-09-08,3.23751
2020-09-09,1.45831
2020-09-10,1.15489
2020-09-11,0.90393
2020-09-12,0.66352
2020-09-13,0.53045
2020-09-14,0.92566
2020-09-15,1.11092
2020-09-16,1.18369
2020-09-17,1.20542
2020-09-18,1.0451
2020-09-19,0.66609
2020-09-20,0.52891
2020-09-21,4.42185
2020-09-22,100.0
2020-09-23,3.54311
2020-09-24,2.3337
2020-09-25,5.36899
2020-09-26,2.27225
2020-09-27,1.14062
2020-09-28,2.24512
2020-09-29,1.844
2020-09-30,0.9227
2020-10-01,0.88619
2020-10-02,0.81908
2020-10-03,0.71263
2020-10-04,0.74593
2020-10-05,1.65282
2020-10-06,2.47705
2020-10-07,1.61644
2020-10-08,1.3066
2020-10-09,1.32318
2020-10-10,2.34476
2020-10-11,0.75004
2020-10-12,1.62621
2020-10-13,1.67121
2020-10-14,1.51822
2020-10-15,1.6122
2020-10-16,1.38374
2020-10-17,0.9416
2020-10-18,0.56774
2020-10-19,5.9429
2020-10-20,4.71665
2020-10-21,7.86662
2020-10-22,9.85487
2020-10-23,8.59249
2020-10-24,3.25436
2020-10-25,1.5843
2020-10-26,1.99249
2020-10-27,1.60268
2020-10-28,1.09447
2020-10-29,0.94225
2020-10-30,0.7683
2020-10-31,0.58046
2020-11-01,0.46219
2020-11-02,0.63421
2020-11-03,0.60026
2020-11-04,0.58509
2020-11-05,0.53675
2020-11-06,0.48121
2020-11-07,0.39945
2020-11-08,0.35471
2020-11-09,0.56105
2020-11-10,0.50165
2020-11-11,0.44573
2020-11-12,0.45421
2020-11-13,0.41706
2020-11-14,0.33182
2020-11-15,0.32912
2020-11-16,0.47633
2020-11-17,0.45563
2020-11-18,0.45139
2020-11-19,0.41089
2020-11-20,0.39649
2020-11-21,0.30945
2020-11-22,0.34673
2020-11-23,0.47568
2020-11-24,0.43532
2020-11-25,0.41603
2020-11-26,0.44059
2020-11-27,0.38955
2020-11-28,0.31652
2020-11-29,0.31678
2020-11-30,0.45061
2020-12-01,0.43994
2020-12-02,0.41963
2020-12-03,0.40022
2020-12-04,0.38916
2020-12-05,0.32874
2020-12-06,0.32231
2020-12-07,0.43519
2020-12-08,0.4177
2020-12-09,0.40729
2020-12-10,0.39585
2020-12-11,0.36486
2020-12-12,0.27705
2020-12-13,0.32912
2020-12-14,0.42876
2020-12-15,0.40215
2020-12-16,0.38723
2020-12-17,0.38376
2020-12-18,0.35381
2020-12-19,0.28104
2020-12-20,0.28438
2020-12-21,0.40999
2020-12-22,0.37103
2020-12-23,0.35625
2020-12-24,0.27847
2020-12-25,0.20223
2020-12-26,0.23784
2020-12-27,0.25044
2020-12-28,0.35162
2020-12-29,0.30315
2020-12-30,0.28721
2020-12-31,0.24928
2021-01-01,0.2183
2021-01-02,0.21843
2021-01-03,0.21946
2021-01-04,0.28734
2021-01-05,0.26754
2021-01-06,0.25558
2021-01-07,0.22627
2021-01-08,0.21933
2021-01-09,0.20416
2021-01-10,0.20493
2021-01-11,0.25905
2021-01-12,0.24504
2021-01-13,0.22845
2021-01-14,0.2435
2021-01-15,0.22743
2021-01-16,0.18706
2021-01-17,0.17279
2021-01-18,0.22935
2021-01-19,0.22177
2021-01-20,0.21547
2021-01-21,0.20994
2021-01-22,0.2066
2021-01-23,0.17369
2021-01-24,0.17999
2021-01-25,0.23025
2021-01-26,0.21393
2021-01-27,0.19413
2021-01-28,0.19361
2021-01-29,0.1796
2021-01-30,0.15273
2021-01-31,0.17009
2021-02-01,0.20403
2021-02-02,0.20274
2021-02-03,0.19156
2021-02-04,0.18616
2021-02-05,0.1814
2021-02-06,0.1481
2021-02-07,0.14604
2021-02-08,0.20686
2021-02-09,0.19027
2021-02-10,0.17047
2021-02-11,0.14
2021-02-12,0.12972
2021-02-13,0.15543
2021-02-14,0.17729
2021-02-15,0.23514
2021-02-16,0.19901
2021-02-17,0.19786
2021-02-18,0.19914
2021-02-19,0.18397
2021-02-20,0.13409
2021-02-21,0.14373
2021-02-22,0.17921
2021-02-23,0.17986
2021-02-24,0.17214
2021-02-25,0.17613
2021-02-26,0.16314
2021-02-27,0.1445
2021-02-28,0.13833
2021-03-01,0.15402
2021-03-02,0.1787
2021-03-03,0.20763
2021-03-04,0.19644
2021-03-05,0.1688
2021-03-06,0.1382
2021-03-07,0.15222
2021-03-08,0.1994
2021-03-09,0.2012
2021-03-10,0.18899
2021-03-11,0.17767
2021-03-12,0.1652
2021-03-13,0.12997
2021-03-14,0.14733
2021-03-15,0.20647
2021-03-16,0.20454
2021-03-17,0.1895
2021-03-18,0.19336
2021-03-19,0.1715
2021-03-20,0.14206
2021-03-21,0.16584
2021-03-22,0.2048
2021-03-23,0.1976
2021-03-24,0.18924
2021-03-25,0.18551
2021-03-26,0.16841
2021-03-27,0.14167
2021-03-28,0.15594
2021-03-29,0.2084
2021-03-30,0.20416
2021-03-31,0.19001
2021-04-01,0.19541
2021-04-02,0.17343
2021-04-03,0.14193
2021-04-04,0.14746
2021-04-05,0.20853
2021-04-06,0.20428
2021-04-07,0.2165
2021-04-08,0.21328
2021-04-09,0.18641
2021-04-10,0.1481
2021-04-11,0.16623
2021-04-12,0.2129
2021-04-13,0.19786
2021-04-14,0.21444
2021-04-15,0.21148
2021-04-16,0.1877
2021-04-17,0.16661
2021-04-18,0.17201
2021-04-19,0.22923
2021-04-20,0.22781
2021-04-21,0.19953
2021-04-22,0.21213
2021-04-23,0.20261
2021-04-24,0.1643
2021-04-25,0.17484
2021-04-26,0.22036
2021-04-27,0.20428
2021-04-28,0.19413
2021-04-29,0.17343
2021-04-30,0.15864
2021-05-01,0.14039
2021-05-02,0.14759
2021-05-03,0.21971
2021-05-04,0.18423
2021-05-05,0.1418
2021-05-06,0.19438
2021-05-07,0.16931
2021-05-08,0.13795
2021-05-09,0.15273
2021-05-10,0.18783
2021-05-11,0.18757
2021-05-12,0.18719
2021-05-13,0.18114
2021-05-14,0.16392
2021-05-15,0.13615
2021-05-16,0.158
2021-05-17,0.18243
2021-05-18,0.16841
2021-05-19,0.14
2021-05-20,0.18269
2021-05-21,0.16751
2021-05-22,0.12882
2021-05-23,0.13743
2021-05-24,0.19348
2021-05-25,0.16392
2021-05-26,0.16816
2021-05-27,0.18706
2021-05-28,0.15787
2021-05-29,0.12085
2021-05-30,0.13537
2021-05-31,0.1868
2021-06-01,0.18976
2021-06-02,0.16906
2021-06-03,0.16777
2021-06-04,0.15286
2021-06-05,0.12136
2021-06-06,0.12766
2021-06-07,0.18719
2021-06-08,0.1778
2021-06-09,0.16572
2021-06-10,0.17857
2021-06-11,0.16006
2021-06-12,0.11827
2021-06-13,0.13062
2021-06-14,0.17484
2021-06-15,0.17356
2021-06-16,0.16147
2021-06-17,0.14746
2021-06-18,0.13717
2021-06-19,0.10182
2021-06-20,0.11725
2021-06-21,0.15144
2021-06-22,0.13846
2021-06-23,0.13075
2021-06-24,0.12946
2021-06-25,0.11802
2021-06-26,0.16906
2021-06-27,0.12856
2021-06-28,0.15016
2021-06-29,0.13332
2021-06-30,0.12033
2021-07-01,0.12329
2021-07-02,0.1175
2021-07-03,0.09552
2021-07-04,0.11043
2021-07-05,0.14026
2021-07-06,0.1553
2021-07-07,0.16109
2021-07-08,0.16083
2021-07-09,0.15929
2021-07-10,0.1121
2021-07-11,0.12676
2021-07-12,0.17741
2021-07-13,0.17484
2021-07-14,0.1859
2021-07-15,0.1616
2021-07-16,0.1508
2021-07-17,0.11159
2021-07-18,0.11635
2021-07-19,0.14669
2021-07-20,0.15479
2021-07-21,0.14129
2021-07-22,0.14399
2021-07-23,0.13499
2021-07-24,0.11082
2021-07-25,0.11493
2021-07-26,0.1445
2021-07-27,0.14527
2021-07-28,0.13859
2021-07-29,0.13113
2021-07-30,0.12033
2021-07-31,0.10285
2021-08-01,0.12303
2021-08-02,0.14052
2021-08-03,0.12959
2021-08-04,0.13383
2021-08-05,0.14283
2021-08-06,0.12792
2021-08-07,0.10786
2021-08-08,0.10542
2021-08-09,0.14874
2021-08-10,0.1544
2021-08-11,0.16919
2021-08-12,0.15479
2021-08-13,0.15376
2021-08-14,0.12715
2021-08-15,0.1094
2021-08-16,0.13962
2021-08-17,0.15337
2021-08-18,0.15749
2021-08-19,0.16083
2021-08-20,0.16237
2021-08-21,0.1157
2021-08-22,0.12059
2021-08-23,0.17214
2021-08-24,0.16803
2021-08-25,0.1661
2021-08-26,0.16829
2021-08-27,0.15299
2021-08-28,0.10786
2021-08-29,0.12149
2021-08-30,0.1652
2021-08-31,0.18564
2021-09-01,0.17613
2021-09-02,0.19271
2021-09-03,0.18127
2021-09-04,0.13653
2021-09-05,0.14322
2021-09-06,0.29647
2021-09-07,0.34236
2021-09-08,0.28129
2021-09-09,0.26664
2021-09-10,0.23373
2021-09-11,0.1643
2021-09-12,0.16366
2021-09-13,0.30405
2021-09-14,0.49253
2021-09-15,0.35226
2021-09-16,0.28335
2021-09-17,0.24555
2021-09-18,0.18564
2021-09-19,0.14926
2021-09-20,0.14759
2021-09-21,0.15569
2021-09-22,0.18281
2021-09-23,0.32488
2021-09-24,0.33375
2021-09-25,0.25005
2021-09-26,0.21406
2021-09-27,0.33413
2021-09-28,0.34506
2021-09-29,0.32064
2021-09-30,0.30495
2021-10-01,0.31125
2021-10-02,0.22588
2021-10-03,0.21097
2021-10-04,0.26214
2021-10-05,0.38762
2021-10-06,0.37913
2021-10-07,0.39109
2021-10-08,0.35753
2021-10-09,0.26111
2021-10-10,0.24504
2021-10-11,0.33452
2021-10-12,0.60656
2021-10-13,0.57738
2021-10-14,0.68075
2021-10-15,0.66557
2021-10-16,0.56079
2021-10-17,0.44033
2021-10-18,0.77563
2021-10-19,0.6891
2021-10-20,0.62109
2021-10-21,0.60219
2021-10-22,0.62533
2021-10-23,0.5239
2021-10-24,0.40356
2021-10-25,0.62443
2021-10-26,0.56079
2021-10-27,0.55269
2021-10-28,0.57494
2021-10-29,0.58085
2021-10-30,0.45036
2021-10-31,0.40356
2021-11-01,0.62032
2021-11-02,0.6486
2021-11-03,0.73397
2021-11-04,0.63408
2021-11-05,0.58638
2021-11-06,0.48481
2021-11-07,0.4555
2021-11-08,0.6405
2021-11-09,0.60785
2021-11-10,0.57018
2021-11-11,0.55809
2021-11-12,0.52274
2021-11-13,0.44959
2021-11-14,0.55578
2021-11-15,0.84351
2021-11-16,0.66455
2021-11-17,0.59461
2021-11-18,0.54601
2021-11-19,0.51091
2021-11-20,0.40523
2021-11-21,0.3691
2021-11-22,0.49137
2021-11-23,0.51451
2021-11-24,0.49523
2021-11-25,0.47993
2021-11-26,0.45473
2021-11-27,0.35393
2021-11-28,0.34853
2021-11-29,0.47131
2021-11-30,0.46604
2021-12-01,0.44817
2021-12-02,0.47131
2021-12-03,0.40986
2021-12-04,0.33478
2021-12-05,0.33812
2021-12-06,0.46926
2021-12-07,0.43442
2021-12-08,0.46836
2021-12-09,0.42066
2021-12-10,0.39417
2021-12-11,0.28181
2021-12-12,0.28052
2021-12-13,0.42503
2021-12-14,0.42683
2021-12-15,0.39045
2021-12-16,0.39855
2021-12-17,0.33825
2021-12-18,0.27435
2021-12-19,0.28682
2021-12-20,0.38158
2021-12-21,0.33503
2021-12-22,0.31536
2021-12-23,0.30277
2021-12-24,0.2624
2021-12-25,0.19606
2021-12-26,0.23874
2021-12-27,0.31138
2021-12-28,0.32938
2021-12-29,0.30971
2021-12-30,0.27731
2021-12-31,0.22691
2022-01-01,0.19593
2022-01-02,0.2345
2022-01-03,0.33426
2022-01-04,0.34159
2022-01-05,0.31035
2022-01-06,0.29569
2022-01-07,0.26792
2022-01-08,0.2192
2022-01-09,0.22421
2022-01-10,0.27679
2022-01-11,0.26047
2022-01-12,0.26651
2022-01-13,0.24234
2022-01-14,0.25687
2022-01-15,0.20274
2022-01-16,0.21213
2022-01-17,0.26818
2022-01-18,0.26124
2022-01-19,0.24684
2022-01-20,0.25532
2022-01-21,0.24054
2022-01-22,0.22383
2022-01-23,0.23874
2022-01-24,0.30482
2022-01-25,0.31935
2022-01-26,0.33311
2022-01-27,0.30714
2022-01-28,0.34519
2022-01-29,0.30675
2022-01-30,0.28489
2022-01-31,0.28965
2022-02-01,0.30367
2022-02-02,0.40716
2022-02-03,0.4708
2022-02-04,0.81034
2022-02-05,0.58946
2022-02-06,0.55424
2022-02-07,0.65568
2022-02-08,0.66133
2022-02-09,0.67509
2022-02-10,0.59718
2022-02-11,0.53817
2022-02-12,0.47491
2022-02-13,0.47273
2022-02-14,0.58934
2022-02-15,0.52724
2022-02-16,0.54922
2022-02-17,0.53328
2022-02-18,0.49034
2022-02-19,0.43712
2022-02-20,0.48957
2022-02-21,0.62418
2022-02-22,0.58882
2022-02-23,0.61235
2022-02-24,0.54087
2022-02-25,0.4762
2022-02-26,0.43094
2022-02-27,0.44187
2022-02-28,0.49536
2022-03-01,0.47388
2022-03-02,0.52852
2022-03-03,0.51605
2022-03-04,0.49677
2022-03-05,0.46141
2022-03-06,0.50693
2022-03-07,0.59589
2022-03-08,0.55167
2022-03-09,0.4582
2022-03-10,0.56979
2022-03-11,0.56877
2022-03-12,0.50718
2022-03-13,0.52261
2022-03-14,0.60656
2022-03-15,0.57224
2022-03-16,0.62456
2022-03-17,0.62713
2022-03-18,0.65452
2022-03-19,0.55887
2022-03-20,0.51143
2022-03-21,0.6585
2022-03-22,0.59345
2022-03-23,0.52711
2022-03-24,0.48121
2022-03-25,0.43493
2022-03-26,0.36846
2022-03-27,0.39045
2022-03-28,0.48404
2022-03-29,0.42863
2022-03-30,0.379
2022-03-31,0.34815
2022-04-01,0.30456
2022-04-02,0.26355
2022-04-03,0.26098
2022-04-04,0.32912
2022-04-05,0.30868
2022-04-06,0.28862
2022-04-07,0.29389
2022-04-08,0.23874
2022-04-09,0.20261
2022-04-10,0.20673
2022-04-11,0.2696
2022-04-12,0.2372
2022-04-13,0.22755
2022-04-14,0.22614
2022-04-15,0.23938
2022-04-16,0.1625
2022-04-17,0.16572
2022-04-18,0.2255
2022-04-19,0.19786
2022-04-20,0.1976
2022-04-21,0.19117
2022-04-22,0.16237
2022-04-23,0.13679
2022-04-24,0.13769
2022-04-25,0.18153
2022-04-26,0.15787
2022-04-27,0.15132
2022-04-28,0.15504
2022-04-29,0.13203
2022-04-30,0.10966
2022-05-01,0.11455
2022-05-02,0.16983
2022-05-03,0.15299
2022-05-04,0.14244
2022-05-05,0.10825
2022-05-06,0.13267
2022-05-07,0.09899
2022-05-08,0.1265
2022-05-09,0.16122
2022-05-10,0.17703
2022-05-11,0.15299
2022-05-12,0.15967
2022-05-13,0.13846
2022-05-14,0.10143
2022-05-15,0.12445
2022-05-16,0.17459
2022-05-17,0.16919
2022-05-18,0.17471
2022-05-19,0.15389
2022-05-20,0.13152
2022-05-21,0.10503
2022-05-22,0.11635
2022-05-23,0.15003
2022-05-24,0.15762
2022-05-25,0.15312
2022-05-26,0.14874
2022-05-27,0.13833
2022-05-28,0.0995
2022-05-29,0.11493
2022-05-30,0.15877
2022-05-31,0.13897
2022-06-01,0.11313
2022-06-02,0.15723
2022-06-03,0.13769
2022-06-04,0.09693
2022-06-05,0.10606
2022-06-06,0.12573
2022-06-07,0.15877
2022-06-08,0.16276
2022-06-09,0.14566
2022-06-10,0.14296
2022-06-11,0.11583
2022-06-12,0.13396
2022-06-13,0.16777
2022-06-14,0.17291
2022-06-15,0.16597
2022-06-16,0.1553
2022-06-17,0.14437
2022-06-18,0.11262
2022-06-19,0.11365
2022-06-20,0.17831
2022-06-21,0.14887
2022-06-22,0.14167
2022-06-23,0.13075
2022-06-24,0.13627
2022-06-25,0.0977
2022-06-26,0.1094
2022-06-27,0.14784
2022-06-28,0.15839
2022-06-29,0.15196
2022-06-30,0.1364
2022-07-01,0.12535
2022-07-02,0.11172
2022-07-03,0.1139
2022-07-04,0.16353
2022-07-05,0.16482
2022-07-06,0.15504
2022-07-07,0.16289
2022-07-08,0.16353
2022-07-09,0.12342
2022-07-10,0.13884
2022-07-11,0.20287
2022-07-12,0.2237
2022-07-13,0.23385
2022-07-14,0.21316
2022-07-15,0.21856
2022-07-16,0.1598
2022-07-17,0.20403
2022-07-18,0.28682
2022-07-19,0.27512
2022-07-20,0.25802
2022-07-21,0.24478
2022-07-22,0.23887
2022-07-23,0.18706
2022-07-24,0.18384
2022-07-25,0.25082
2022-07-26,0.28027
2022-07-27,0.26008
2022-07-28,0.23025
2022-07-29,0.21496
2022-07-30,0.17176
2022-07-31,0.19014
2022-08-01,0.22318
2022-08-02,0.24285
2022-08-03,0.22241
2022-08-04,0.23527
2022-08-05,0.22087
2022-08-06,0.18821
2022-08-07,0.18204
2022-08-08,0.25867
2022-08-09,0.24723
2022-08-10,0.23218
2022-08-11,0.2201
2022-08-12,0.2111
2022-08-13,0.18294
2022-08-14,0.16803
2022-08-15,0.20956
2022-08-16,0.25558
2022-08-17,0.24388
2022-08-18,0.26137
2022-08-19,0.24183
2022-08-20,0.18346
2022-08-21,0.17883
2022-08-22,0.28065
2022-08-23,0.2633
2022-08-24,0.2633
2022-08-25,0.25584
2022-08-26,0.25918
2022-08-27,0.21598
2022-08-28,0.26895
2022-08-29,0.36602
2022-08-30,0.44573
2022-08-31,0.3781
2022-09-01,0.34133
2022-09-02,0.30405
2022-09-03,0.23925
2022-09-04,0.24465
2022-09-05,0.31999
2022-09-06,0.41526
2022-09-07,0.68332
2022-09-08,0.43557
2022-09-09,0.27808
2022-09-10,0.26098
2022-09-11,0.32012
2022-09-12,0.52158
2022-09-13,0.81831
2022-09-14,0.91306
2022-09-15,0.94739
2022-09-16,1.82471
2022-09-17,1.22355
2022-09-18,0.9191
2022-09-19,1.31817
2022-09-20,1.28487
2022-09-21,1.29464
2022-09-22,1.0784
2022-09-23,0.92695
2022-09-24,0.66725
2022-09-25,0.70402
2022-09-26,1.08058
2022-09-27,0.94083
2022-09-28,0.86048
2022-09-29,0.80687
2022-09-30,0.70762
2022-10-01,0.58316
2022-10-02,0.56285
2022-10-03,0.66712
2022-10-04,0.98827
2022-10-05,1.44095
2022-10-06,1.44802
2022-10-07,1.27729
2022-10-08,1.04034
2022-10-09,1.63585
2022-10-10,1.90764
2022-10-11,2.23072
2022-10-12,2.11193
2022-10-13,1.83847
2022-10-14,1.64408
2022-10-15,1.27536
2022-10-16,1.24026
2022-10-17,1.86971
2022-10-18,1.69126
2022-10-19,1.57658
2022-10-20,1.59947
2022-10-21,1.51539
2022-10-22,1.24514
2022-10-23,1.19012
2022-10-24,1.84953
2022-10-25,1.8476
2022-10-26,1.63778
2022-10-27,1.58546
2022-10-28,1.52683
2022-10-29,1.31303
2022-10-30,1.3075
2022-10-31,1.88784
2022-11-01,1.69808
2022-11-02,1.69654
2022-11-03,1.68625
2022-11-04,1.76468
2022-11-05,1.41665
2022-11-06,1.71903
2022-11-07,2.80296
2022-11-08,2.26338
2022-11-09,2.17814
2022-11-10,2.13147
2022-11-11,1.89967
2022-11-12,1.68522
2022-11-13,1.78486
2022-11-14,2.51575
2022-11-15,2.1928
2022-11-16,1.98645
2022-11-17,1.89954
2022-11-18,1.83744
2022-11-19,1.56514
2022-11-20,1.81636
2022-11-21,2.69536
2022-11-22,2.4246
2022-11-23,2.26762
2022-11-24,2.09432
2022-11-25,1.95894
2022-11-26,1.69358
2022-11-27,1.92101
2022-11-28,2.78329
2022-11-29,2.50302
2022-11-30,2.46355
2022-12-01,2.43064
2022-12-02,2.31185
2022-12-03,1.99018
2022-12-04,2.54403
2022-12-05,3.91685
2022-12-06,3.70575
2022-12-07,4.06598
2022-12-08,4.26475
2022-12-09,4.20715
2022-12-10,3.64982
2022-12-11,4.06508
2022-12-12,5.97826
2022-12-13,5.29301
2022-12-14,4.99127
2022-12-15,4.75419
2022-12-16,4.66908
2022-12-17,4.22425
2022-12-18,4.63424
2022-12-19,6.75877
2022-12-20,6.27884
2022-12-21,5.88171
2022-12-22,5.75108
2022-12-23,5.27745
2022-12-24,4.70199
2022-12-25,5.1359
2022-12-26,7.75927
2022-12-27,7.12647
2022-12-28,6.53456
2022-12-29,6.0401
2022-12-30,5.66764
2022-12-31,4.75496
2023-01-01,4.6498
2023-01-02,6.60038
2023-01-03,5.85394
2023-01-04,5.22847
2023-01-05,4.8609
2023-01-06,4.4144
2023-01-07,3.52537
2023-01-08,3.51958
2023-01-09,4.40835
2023-01-10,3.61665
2023-01-11,3.27287
2023-01-12,2.8945
2023-01-13,2.6195
2023-01-14,2.05639
2023-01-15,2.05099
2023-01-16,2.55033
2023-01-17,2.18611
2023-01-18,1.98246
2023-01-19,1.82986
2023-01-20,1.60834
2023-01-21,1.2733
2023-01-22,1.24309
2023-01-23,1.45599
2023-01-24,1.6428
2023-01-25,1.93477
2023-01-26,1.64768
2023-01-27,1.34234
2023-01-28,1.08097
2023-01-29,1.12699
2023-01-30,1.50009
2023-01-31,1.24656
2023-02-01,1.16466
2023-02-02,1.0316
2023-02-03,1.01669
2023-02-04,0.83811
2023-02-05,0.89133
2023-02-06,1.21185
2023-02-07,1.06258
2023-02-08,0.96552
2023-02-09,0.95047
2023-02-10,0.89275
2023-02-11,0.74554
2023-02-12,0.8115
2023-02-13,1.10501
2023-02-14,0.92476
2023-02-15,0.89313
2023-02-16,0.83991
2023-02-17,0.76907
2023-02-18,0.68615
2023-02-19,0.70684
2023-02-20,0.95845
2023-02-21,0.86678
2023-02-22,0.83412
2023-02-23,0.7872
2023-02-24,0.7152
2023-02-25,0.58419
2023-02-26,0.62803
2023-02-27,0.79118
2023-02-28,0.71199
2023-03-01,0.60579
2023-03-02,0.7269
2023-03-03,0.65542
2023-03-04,0.54562
2023-03-05,0.60978
2023-03-06,0.83644
2023-03-07,0.77987
2023-03-08,0.71996
2023-03-09,0.74233
2023-03-10,0.6414
2023-03-11,0.60361
2023-03-12,0.66506
2023-03-13,0.9164
2023-03-14,0.83849
2023-03-15,0.77395
2023-03-16,0.72291
2023-03-17,0.7467
2023-03-18,0.65799
2023-03-19,0.74708
2023-03-20,1.06708
2023-03-21,0.96192
2023-03-22,0.81587
2023-03-23,0.86459
2023-03-24,0.82757
2023-03-25,0.69399
2023-03-26,0.74361
2023-03-27,1.12365
2023-03-28,0.99727
2023-03-29,0.96577
2023-03-30,0.96462
2023-03-31,0.84158
2023-04-01,0.73783
2023-04-02,0.83541
2023-04-03,1.29104
2023-04-04,1.19976
2023-04-05,1.13278
2023-04-06,1.1027
2023-04-07,1.00871
2023-04-08,0.98956
2023-04-09,1.09292
2023-04-10,1.69011
2023-04-11,1.45561
2023-04-12,1.36677
2023-04-13,1.34273
2023-04-14,1.32138
2023-04-15,1.22959
2023-04-16,1.36471
2023-04-17,2.05395
2023-04-18,1.82677
2023-04-19,1.68844
2023-04-20,1.763
2023-04-21,1.72315
2023-04-22,1.42604
2023-04-23,1.41819
2023-04-24,2.01525
2023-04-25,1.65552
2023-04-26,1.54097
2023-04-27,1.46872
2023-04-28,1.38695
2023-04-29,1.21005
2023-04-30,1.21725
2023-05-01,1.62544
2023-05-02,1.79515
2023-05-03,1.64717
2023-05-04,1.54933
2023-05-05,1.23602
2023-05-06,1.45921
2023-05-07,1.59073
2023-05-08,2.19717
2023-05-09,1.95225
2023-05-10,1.8728
2023-05-11,1.89491
2023-05-12,1.73228
2023-05-13,1.5591
2023-05-14,1.68792
2023-05-15,2.60665
2023-05-16,2.22082
2023-05-17,2.05639
2023-05-18,1.93065
2023-05-19,1.73793
2023-05-20,1.5834
2023-05-21,1.69255
2023-05-22,2.47101
2023-05-23,2.0272
2023-05-24,1.83153
2023-05-25,1.73498
2023-05-26,1.5744
2023-05-27,1.24669
2023-05-28,1.89247
2023-05-29,2.18997
2023-05-30,2.51858
2023-05-31,1.9286
2023-06-01,1.66002
2023-06-02,1.44738
2023-06-03,1.20889
2023-06-04,1.2985
2023-06-05,1.66054
2023-06-06,1.22805
2023-06-07,1.58674
2023-06-08,1.27214
2023-06-09,1.08007
2023-06-10,0.87938
2023-06-11,0.95356
2023-06-12,1.21647
2023-06-13,1.0307
2023-06-14,0.97889
2023-06-15,0.90599
2023-06-16,0.80584
2023-06-17,0.6747
2023-06-18,0.6882
2023-06-19,0.98544
2023-06-20,0.81741
2023-06-21,0.77627
2023-06-22,0.72304
2023-06-23,0.67997
2023-06-24,0.58612
2023-06-25,0.62071
2023-06-26,0.8133
2023-06-27,0.72896
2023-06-28,0.699
2023-06-29,0.71057
2023-06-30,0.61363
2023-07-01,0.53161
2023-07-02,0.62083
2023-07-03,0.82075
2023-07-04,0.74541
2023-07-05,0.70852
2023-07-06,0.70209
2023-07-07,0.68859
2023-07-08,0.56529
2023-07-09,0.61788
2023-07-10,0.88066
2023-07-11,0.72716
2023-07-12,0.74683
2023-07-13,0.72754
2023-07-14,0.66699
2023-07-15,0.57931
2023-07-16,0.66339
2023-07-17,0.92566
2023-07-18,0.82924
2023-07-19,0.7863
2023-07-20,0.816
2023-07-21,0.81715
2023-07-22,0.71134
2023-07-23,0.90869
2023-07-24,1.37384
2023-07-25,1.27369
2023-07-26,1.18112
2023-07-27,1.13381
2023-07-28,1.02131
2023-07-29,0.79723
2023-07-30,0.81047
2023-07-31,1.07878
2023-08-01,0.94006
2023-08-02,0.92888
2023-08-03,0.89931
2023-08-04,0.76084
2023-08-05,0.63858
2023-08-06,0.68023
2023-08-07,0.84479
2023-08-08,0.74091
2023-08-09,0.67213
2023-08-10,0.59139
2023-08-11,0.58586
2023-08-12,0.4573
2023-08-13,0.58625
2023-08-14,0.7944
2023-08-15,0.64758
2023-08-16,0.77807
2023-08-17,0.67792
2023-08-18,0.60875
2023-08-19,0.45267
2023-08-20,0.48327
2023-08-21,0.66532
2023-08-22,0.56452
2023-08-23,0.57738
2023-08-24,0.52775
2023-08-25,0.5167
2023-08-26,0.40793
2023-08-27,0.45974
2023-08-28,0.61492
2023-08-29,0.55745
2023-08-30,0.55244
2023-08-31,0.56002
2023-09-01,0.5248
2023-09-02,0.43403
2023-09-03,0.4771
2023-09-04,0.70877
2023-09-05,0.64526
2023-09-06,0.60695
2023-09-07,0.66673
2023-09-08,0.62058
2023-09-09,0.48173
2023-09-10,0.52261
2023-09-11,0.81445
2023-09-12,0.73487
2023-09-13,0.68345
2023-09-14,0.85392
2023-09-15,1.01874
2023-09-16,0.69142
2023-09-17,0.72561
2023-09-18,1.13972
2023-09-19,1.18279
2023-09-20,1.24296
2023-09-21,1.15541
2023-09-22,1.12339
2023-09-23,1.00884
2023-09-24,0.98699
2023-09-25,1.61888
2023-09-26,1.28899
2023-09-27,1.10038
2023-09-28,0.88259
2023-09-29,0.95806
2023-09-30,1.10141
2023-10-01,1.03198
2023-10-02,1.17199
2023-10-03,1.21776
2023-10-04,1.66054
2023-10-05,1.52079
2023-10-06,1.49662
2023-10-07,1.44416
2023-10-08,1.39107
2023-10-09,1.43863
2023-10-10,2.48798
2023-10-11,1.97822
2023-10-12,1.82407
2023-10-13,1.75799
2023-10-14,1.41228
2023-10-15,1.42076
2023-10-16,2.41084
2023-10-17,2.14857
2023-10-18,2.07657
2023-10-19,2.3058
2023-10-20,2.25901
2023-10-21,1.95212
2023-10-22,2.20334
2023-10-23,3.83727
2023-10-24,3.458
2023-10-25,3.44347
2023-10-26,3.62552
2023-10-27,3.43473
2023-10-28,3.14662
2023-10-29,3.30154
2023-10-30,5.07188
2023-10-31,4.56212
2023-11-01,4.26217
2023-11-02,4.09928
2023-11-03,3.91492
2023-11-04,3.10432
2023-11-05,3.15999
2023-11-06,4.20226
2023-11-07,3.25963
2023-11-08,3.04852
2023-11-09,3.04184
2023-11-10,2.64612
2023-11-11,2.24769
2023-11-12,2.4084
2023-11-13,3.57448
2023-11-14,3.15189
2023-11-15,3.07231
2023-11-16,2.99093
2023-11-17,2.95647
2023-11-18,2.49737
2023-11-19,2.81184
2023-11-20,4.30602
2023-11-21,3.94565
2023-11-22,3.92328
2023-11-23,4.14415
2023-11-24,3.68273
2023-11-25,3.09082
2023-11-26,3.51277
2023-11-27,5.53111
2023-11-28,4.83634
2023-11-29,4.63476
2023-11-30,4.33019
2023-12-01,4.19416
2023-12-02,3.81348
2023-12-03,4.2272
2023-12-04,6.56297
2023-12-05,6.03624
2023-12-06,6.13061
2023-12-07,6.19682
2023-12-08,6.06427
2023-12-09,5.06596
2023-12-10,5.11417
2023-12-11,6.95136
2023-12-12,5.32026
2023-12-13,4.72835
2023-12-14,4.32581
2023-12-15,4.04027
2023-12-16,3.11396
2023-12-17,3.21051
2023-12-18,4.47135
2023-12-19,3.90168
2023-12-20,3.52563
2023-12-21,3.24536
2023-12-22,3.10046
2023-12-23,2.82328
2023-12-24,2.75964
2023-12-25,3.35245
2023-12-26,5.14246
2023-12-27,4.53203
2023-12-28,4.43034
2023-12-29,4.04516
2023-12-30,3.46893
2023-12-31,3.19406
2024-01-01,3.63941
2024-01-02,4.99062
2024-01-03,4.1277
2024-01-04,3.74624
2024-01-05,3.44245
2024-01-06,2.83125
2024-01-07,2.74434
2024-01-08,3.32198
2024-01-09,3.03862
2024-01-10,2.80078
2024-01-11,2.71091
2024-01-12,2.47422
2024-01-13,2.05549
2024-01-14,2.07786
2024-01-15,2.71297
2024-01-16,2.35774
2024-01-17,2.24692
2024-01-18,2.07876
2024-01-19,2.11939
2024-01-20,1.76545
2024-01-21,1.68959
2024-01-22,2.20501
2024-01-23,1.79103
2024-01-24,1.63032
2024-01-25,1.5582
2024-01-26,1.44571
2024-01-27,1.21378
2024-01-28,1.26147
2024-01-29,1.78422
2024-01-30,1.5366
2024-01-31,1.40906
2024-02-01,1.39904
2024-02-02,1.37307
2024-02-03,1.06824
2024-02-04,1.14911
2024-02-05,1.54444
2024-02-06,1.32987
2024-02-07,1.18729
2024-02-08,1.0793
2024-02-09,0.86562
2024-02-10,0.76907
2024-02-11,0.93068
2024-02-12,1.07865
2024-02-13,1.38939
2024-02-14,1.15914
2024-02-15,0.98416
2024-02-16,0.84055
2024-02-17,0.73821
2024-02-18,0.71893
2024-02-19,0.98943
2024-02-20,0.77241
2024-02-21,0.73333
2024-02-22,0.69244
2024-02-23,0.63793
2024-02-24,0.53598
2024-02-25,0.54177
2024-02-26,0.7179
2024-02-27,0.66827
2024-02-28,0.63241
2024-02-29,0.57481
2024-03-01,0.44933
2024-03-02,0.5086
2024-03-03,0.48841
2024-03-04,0.654
2024-03-05,0.59872
2024-03-06,0.59152
2024-03-07,0.55964
2024-03-08,0.51438
2024-03-09,0.45267
2024-03-10,0.49291
2024-03-11,0.69064
2024-03-12,0.60618
2024-03-13,0.58599
2024-03-14,0.58651
2024-03-15,0.56799
2024-03-16,0.49137
2024-03-17,0.53341
2024-03-18,0.7575
2024-03-19,0.70517
2024-03-20,0.67046
2024-03-21,0.62559
2024-03-22,0.59949
2024-03-23,0.5113
2024-03-24,0.54627
2024-03-25,0.75673
2024-03-26,0.68563
2024-03-27,0.61402
2024-03-28,0.61042
2024-03-29,0.55475
2024-03-30,0.45691
2024-03-31,0.49587
2024-04-01,0.68229
2024-04-02,0.63369
2024-04-03,0.62611
2024-04-04,0.57674
2024-04-05,0.52171
2024-04-06,0.4267
2024-04-07,0.44162
2024-04-08,0.66943
2024-04-09,0.52287
2024-04-10,0.4339
2024-04-11,0.56208
2024-04-12,0.47401
2024-04-13,0.38003
2024-04-14,0.39379
2024-04-15,0.60129
2024-04-16,0.51078
2024-04-17,0.47658
2024-04-18,0.4492
2024-04-19,0.424
2024-04-20,0.35316
2024-04-21,0.35676
2024-04-22,0.50821
2024-04-23,0.44149
2024-04-24,0.41037
2024-04-25,0.37849
2024-04-26,0.3673
2024-04-27,0.30392
2024-04-28,0.30842
2024-04-29,0.45409
2024-04-30,0.37309
2024-05-01,0.31781
2024-05-02,0.3799
2024-05-03,0.32604
2024-05-04,0.27641
2024-05-05,0.27435
2024-05-06,0.33092
2024-05-07,0.43776
2024-05-08,0.38299
2024-05-09,0.37399
2024-05-10,0.34931
2024-05-11,0.28785
2024-05-12,0.28747
2024-05-13,0.43994
2024-05-14,0.35676
2024-05-15,0.31331
2024-05-16,0.39405
2024-05-17,0.33915
2024-05-18,0.27037
2024-05-19,0.28155
2024-05-20,0.41706
2024-05-21,0.36898
2024-05-22,0.35933
2024-05-23,0.33118
2024-05-24,0.30996
2024-05-25,0.25095
2024-05-26,0.27821
2024-05-27,0.37759
2024-05-28,0.34892
2024-05-29,0.33465
2024-05-30,0.31729
2024-05-31,0.29107
2024-06-01,0.23103
2024-06-02,0.25172
2024-06-03,0.36345
2024-06-04,0.31009
2024-06-05,0.29737
2024-06-06,0.24491
2024-06-07,0.28927
2024-06-08,0.23295
2024-06-09,0.24285
2024-06-10,0.32424
2024-06-11,0.30148
2024-06-12,0.29081
2024-06-13,0.27834
2024-06-14,0.25931
2024-06-15,0.20956
2024-06-16,0.21958
2024-06-17,0.31626
2024-06-18,0.27885
2024-06-19,0.26754
2024-06-20,0.24671
2024-06-21,0.24465
2024-06-22,0.19053
2024-06-23,0.19644
2024-06-24,0.27821
2024-06-25,0.2453
2024-06-26,0.23913
2024-06-27,0.24658
2024-06-28,0.21084
2024-06-29,0.19143
2024-06-30,0.2012
2024-07-01,0.26664
2024-07-02,0.24375
2024-07-03,0.24118
2024-07-04,0.23771
2024-07-05,0.23591
2024-07-06,0.19876
2024-07-07,0.20133
2024-07-08,0.28914
2024-07-09,0.28245
2024-07-10,0.27962
2024-07-11,0.26947
2024-07-12,0.24324
2024-07-13,0.21791
2024-07-14,0.22768
2024-07-15,0.32655
2024-07-16,0.31549
2024-07-17,0.29737
2024-07-18,0.29171
2024-07-19,0.28399
2024-07-20,0.24208
2024-07-21,0.25725
2024-07-22,0.34442
2024-07-23,0.33388
2024-07-24,0.31781
2024-07-25,0.31511
2024-07-26,0.28965
2024-07-27,0.24954
2024-07-28,0.27435
2024-07-29,0.37116
2024-07-30,0.35548
2024-07-31,0.35316
2024-08-01,0.32899
2024-08-02,0.33105
2024-08-03,0.28837
2024-08-04,0.31511
2024-08-05,0.4096
2024-08-06,0.36923
2024-08-07,0.3772
2024-08-08,0.3871
2024-08-09,0.34648
2024-08-10,0.28579
2024-08-11,0.28605
2024-08-12,0.41217
2024-08-13,0.37772
2024-08-14,0.33902
2024-08-15,0.26227
2024-08-16,0.34622
2024-08-17,0.25571
2024-08-18,0.28078
2024-08-19,0.40947
2024-08-20,0.35792
2024-08-21,0.34236
2024-08-22,0.32411
2024-08-23,0.29377
2024-08-24,0.22318
2024-08-25,0.24915
2024-08-26,0.34673
2024-08-27,0.30598
2024-08-28,0.30058
2024-08-29,0.29955
2024-08-30,0.25095
2024-08-31,0.20596
2024-09-01,0.22627
2024-09-02,0.31974
2024-09-03,0.30084
2024-09-04,0.28477
2024-09-05,0.28734
2024-09-06,0.27294
2024-09-07,0.20043
2024-09-08,0.20506
2024-09-09,0.32012
2024-09-10,0.30264
2024-09-11,0.29068
2024-09-12,0.26972
2024-09-13,0.25494
2024-09-14,0.19541
2024-09-15,0.17446
2024-09-16,0.18731
2024-09-17,0.1886
2024-09-18,0.24825
2024-09-19,0.40317
2024-09-20,0.45781
2024-09-21,0.29132
2024-09-22,0.27667
2024-09-23,0.44766
2024-09-24,0.44714
2024-09-25,0.39006
2024-09-26,0.42246
2024-09-27,0.37463
2024-09-28,0.28232
2024-09-29,0.28631
2024-09-30,0.42734
2024-10-01,0.35303
2024-10-02,0.5518
2024-10-03,0.41924
2024-10-04,0.59499
2024-10-05,0.40845
2024-10-06,0.39726
2024-10-07,0.62199
2024-10-08,0.56851
2024-10-09,0.41397
2024-10-10,0.62186
2024-10-11,0.59191
2024-10-12,0.43827
2024-10-13,0.42696
2024-10-14,0.7377
2024-10-15,0.6792
2024-10-16,0.61839
2024-10-17,0.61698
2024-10-18,0.66673
2024-10-19,0.54215
2024-10-20,0.47504
2024-10-21,0.81137
2024-10-22,0.70479
2024-10-23,0.66969
2024-10-24,0.65735
2024-10-25,0.6549
2024-10-26,0.50371
2024-10-27,0.50873
2024-10-28,0.85945
2024-10-29,0.76573
2024-10-30,0.7008
2024-10-31,0.68049
2024-11-01,0.64693
2024-11-02,0.51773
2024-11-03,0.52762
2024-11-04,0.80044
2024-11-05,0.7035
2024-11-06,0.73179
2024-11-07,0.74786
2024-11-08,0.65735
2024-11-09,0.53135
2024-11-10,0.49921
2024-11-11,0.72613
2024-11-12,0.68023
2024-11-13,0.63125
2024-11-14,0.60528
2024-11-15,0.57995
2024-11-16,0.4753
2024-11-17,0.48031
2024-11-18,0.71482
2024-11-19,0.69167
2024-11-20,0.64089
2024-11-21,0.63151
2024-11-22,0.58201
2024-11-23,0.46321
2024-11-24,0.4726
2024-11-25,0.68717
2024-11-26,0.63819
2024-11-27,0.54575
2024-11-28,0.58561
2024-11-29,0.56439
2024-11-30,0.47311
2024-12-01,0.47774
2024-12-02,0.72844
2024-12-03,0.69553
2024-12-04,0.63022
2024-12-05,0.69026
2024-12-06,0.67637
2024-12-07,0.54421
2024-12-08,0.62058
2024-12-09,1.02813
2024-12-10,0.93723
2024-12-11,0.94199
2024-12-12,1.01411
2024-12-13,1.04574
2024-12-14,0.93698
2024-12-15,1.05037
2024-12-16,1.83024
2024-12-17,1.84991
2024-12-18,1.97462
2024-12-19,2.349
2024-12-20,3.16037
2024-12-21,2.81479
2024-12-22,3.06871
2024-12-23,5.28504
2024-12-24,4.53949
2024-12-25,4.25935
2024-12-26,7.20811
2024-12-27,6.92514
2024-12-28,6.73525
2024-12-29,7.09549
2024-12-30,10.74081
2024-12-31,8.69226
2025-01-01,7.59355
2025-01-02,11.31575
2025-01-03,11.55565
2025-01-04,10.07755
2025-01-05,9.42752
2025-01-06,13.3517
2025-01-07,11.51426
2025-01-08,11.7134
2025-01-09,9.6295
2025-01-10,9.20472
2025-01-11,7.40983
2025-01-12,7.01346
2025-01-13,10.13669
2025-01-14,8.37715
2025-01-15,6.60977
2025-01-16,6.06118
2025-01-17,5.49755
2025-01-18,4.19146
2025-01-19,4.10455
2025-01-20,5.22384
2025-01-21,4.2416
2025-01-22,3.72092
2025-01-23,3.25268
2025-01-24,2.85876
2025-01-25,2.37266
2025-01-26,2.26171
2025-01-27,2.15204
2025-01-28,1.73961
2025-01-29,1.69615
2025-01-30,1.95135
2025-01-31,2.24795
2025-02-01,1.60448
2025-02-02,1.5582
2025-02-03,2.78008
2025-02-04,2.49659
2025-02-05,2.35916
2025-02-06,2.17184
2025-02-07,1.89954
2025-02-08,1.41986
2025-02-09,1.40637
2025-02-10,1.75092
2025-02-11,1.41511
2025-02-12,1.20825
2025-02-13,1.13651
2025-02-14,1.0946
2025-02-15,0.87179
2025-02-16,0.88221
2025-02-17,1.18613
2025-02-18,1.03301
2025-02-19,0.96192
2025-02-20,0.86896
2025-02-21,0.79903
2025-02-22,0.70504
2025-02-23,0.67406
2025-02-24,0.92335
2025-02-25,0.82345
2025-02-26,0.7674
2025-02-27,0.7422
2025-02-28,0.69797
2025-03-01,0.55141
2025-03-02,0.55655
2025-03-03,0.61119
2025-03-04,0.72163
2025-03-05,0.67907
2025-03-06,0.64166
2025-03-07,0.58586
2025-03-08,0.52094
2025-03-09,0.55192
2025-03-10,0.7422
2025-03-11,0.69874
2025-03-12,0.66866
2025-03-13,0.65979
2025-03-14,0.6477
2025-03-15,0.55205
2025-03-16,0.59191
2025-03-17,0.87449
2025-03-18,0.84531
2025-03-19,0.7854
2025-03-20,0.80635
2025-03-21,0.78373
2025-03-22,0.66802
2025-03-23,0.76033
2025-03-24,1.19655
2025-03-25,1.01373
2025-03-26,0.88221
2025-03-27,0.87886
2025-03-28,0.762
2025-03-29,0.62572
2025-03-30,0.65388
2025-03-31,1.01566
2025-04-01,0.87989
2025-04-02,0.84029
2025-04-03,0.86369
2025-04-04,0.77665
2025-04-05,0.71919
2025-04-06,0.72664
2025-04-07,1.17521
2025-04-08,1.0487
2025-04-09,1.02311
2025-04-10,0.95317
2025-04-11,0.91589
2025-04-12,0.85495
2025-04-13,0.84942
2025-04-14,1.21725
2025-04-15,1.06503
2025-04-16,1.00601
2025-04-17,0.95742
2025-04-18,0.90239
2025-04-19,0.74104
2025-04-20,0.67432
2025-04-21,1.0271
2025-04-22,0.82718
2025-04-23,0.73616
2025-04-24,0.69232
2025-04-25,0.61723
2025-04-26,0.52801
2025-04-27,0.50718
2025-04-28,0.68447
2025-04-29,0.58329
2025-04-30,0.5437
2025-05-01,0.45743
2025-05-02,0.4834
2025-05-03,0.39726
2025-05-04,0.3709
2025-05-05,0.40587
2025-05-06,0.4609
2025-05-07,0.58561
2025-05-08,0.55552
2025-05-09,0.49356
2025-05-10,0.41295
2025-05-11,0.40202
2025-05-12,0.58805
2025-05-13,0.53148
2025-05-14,0.47671
2025-05-15,0.43866
2025-05-16,0.3979
2025-05-17,0.31048
2025-05-18,0.31485
2025-05-19,0.48918
2025-05-20,0.43532
2025-05-21,0.41166
2025-05-22,0.38363
2025-05-23,0.33349
2025-05-24,0.28271
2025-05-25,0.28027
2025-05-26,0.41629
2025-05-27,0.38055
2025-05-28,0.36358
2025-05-29,0.33683
2025-05-30,0.30521
2025-05-31,0.24658
2025-06-01,0.25982
2025-06-02,0.34635
2025-06-03,0.24093
2025-06-04,0.32244
2025-06-05,0.29737
2025-06-06,0.22833
2025-06-07,0.23591
2025-06-08,0.23488
2025-06-09,0.31806
2025-06-10,0.27127
2025-06-11,0.25841
2025-06-12,0.248
2025-06-13,0.23115
2025-06-14,0.18603
2025-06-15,0.18809
2025-06-16,0.24684
2025-06-17,0.23758
2025-06-18,0.21688
2025-06-19,0.22087
2025-06-20,0.19104
2025-06-21,0.1544
2025-06-22,0.15543
2025-06-23,0.24093
2025-06-24,0.21881
2025-06-25,0.20621
2025-06-26,0.21958
2025-06-27,0.19618
2025-06-28,0.14553
2025-06-29,0.16751
2025-06-30,0.23668
2025-07-01,0.20068
2025-07-02,0.18976
2025-07-03,0.18693
2025-07-04,0.17304
2025-07-05,0.15016
2025-07-06,0.1616
2025-07-07,0.22845
2025-07-08,0.20403
2025-07-09,0.19541
2025-07-10,0.1931
2025-07-11,0.17741
2025-07-12,0.14707
2025-07-13,0.14412
2025-07-14,0.22061
2025-07-15,0.21226
2025-07-16,0.19811
2025-07-17,0.19181
2025-07-18,0.17356
2025-07-19,0.13949
2025-07-20,0.13602
2025-07-21,0.21894
2025-07-22,0.2057
2025-07-23,0.1967
2025-07-24,0.19014
2025-07-25,0.18346
2025-07-26,0.1472
2025-07-27,0.15453
2025-07-28,0.21328
2025-07-29,0.19169
2025-07-30,0.18307
2025-07-31,0.17729
2025-08-01,0.15543
2025-08-02,0.14733
2025-08-03,0.1544
2025-08-04,0.20943
2025-08-05,0.18564
2025-08-06,0.19696
2025-08-07,0.17459
2025-08-08,0.16739
2025-08-09,0.14
2025-08-10,0.15003
2025-08-11,0.20724
2025-08-12,0.18397
2025-08-13,0.19593
2025-08-14,0.18127
2025-08-15,0.14952
2025-08-16,0.149
2025-08-17,0.15993
2025-08-18,0.22164
2025-08-19,0.22074
2025-08-20,0.21418
2025-08-21,0.21033
2025-08-22,0.2012
2025-08-23,0.16109
2025-08-24,0.15839
2025-08-25,0.27397
2025-08-26,0.26124
2025-08-27,0.23643
2025-08-28,0.23257
2025-08-29,0.23257
2025-08-30,0.17086
2025-08-31,0.18024
2025-09-01,0.27641
2025-09-02,0.26085
2025-09-03,0.266
2025-09-04,0.26047
2025-09-05,0.28129
2025-09-06,0.26432
2025-09-07,0.22138
2025-09-08,0.36255
2025-09-09,0.36126
2025-09-10,0.34082
2025-09-11,0.32835
2025-09-12,0.32102
2025-09-13,0.22614
2025-09-14,0.239
2025-09-15,0.37952
2025-09-16,0.35843
2025-09-17,0.33311
2025-09-18,0.36589
2025-09-19,0.3736
2025-09-20,0.28155
2025-09-21,0.29531
2025-09-22,0.53534
2025-09-23,0.50898
2025-09-24,0.45833
2025-09-25,0.43853
2025-09-26,0.4141
2025-09-27,0.35432
2025-09-28,0.38093
2025-09-29,0.62302
2025-09-30,0.56491
2025-10-01,0.57249
2025-10-02,0.54601
2025-10-03,0.4393
2025-10-04,0.45807
2025-10-05,0.43146
2025-10-06,0.43107
2025-10-07,0.42477
2025-10-08,0.42413
2025-10-09,0.4627
2025-10-10,0.60258
2025-10-11,0.44419
2025-10-12,0.42143
2025-10-13,0.6504
2025-10-14,0.60823
2025-10-15,0.63266
2025-10-16,0.60823
2025-10-17,1.0919
2025-10-18,0.6972
2025-10-19,0.58304
2025-10-20,1.02247
2025-10-21,0.94147
2025-10-22,0.9398
2025-10-23,0.91833
2025-10-24,0.89635
2025-10-25,0.73847
2025-10-26,0.74297
2025-10-27,1.26559
2025-10-28,1.17212
2025-10-29,1.15682
2025-10-30,1.26379
2025-10-31,1.40778
2025-11-01,1.38181
2025-11-02,1.6239
2025-11-03,3.25294
2025-11-04,3.6835
2025-11-05,3.41198
2025-11-06,3.50467
2025-11-07,3.69186
2025-11-08,3.15909
2025-11-09,3.38973
2025-11-10,4.97468
2025-11-11,4.01379
2025-11-12,3.62771
2025-11-13,3.66923
2025-11-14,4.02433
2025-11-15,3.43692
